district,date,month,year,visitors
Adilabad,1/1/2016,January,2016,792136
Adilabad,2/1/2016,February,2016,937820
Adilabad,3/1/2016,March,2016,582946
Adilabad,4/1/2016,April,2016,341948
Adilabad,5/1/2016,May,2016,252887
Adilabad,6/1/2016,June,2016,368237
Adilabad,7/1/2016,July,2016,447562
Adilabad,8/1/2016,August,2016,614285
Adilabad,9/1/2016,September,2016,491279
Adilabad,10/1/2016,October,2016,94184
Adilabad,11/1/2016,November,2016,99148
Adilabad,12/1/2016,December,2016,53125
Bhadradri Kothagudem ,1/1/2016,January,2016,0
Bhadradri Kothagudem ,2/1/2016,February,2016,0
Bhadradri Kothagudem ,3/1/2016,March,2016,0
Bhadradri Kothagudem ,4/1/2016,April,2016,0
Bhadradri Kothagudem ,5/1/2016,May,2016,0
Bhadradri Kothagudem ,6/1/2016,June,2016,0
Bhadradri Kothagudem ,7/1/2016,July,2016,0
Bhadradri Kothagudem ,8/1/2016,August,2016,0
Bhadradri Kothagudem ,9/1/2016,September,2016,0
Bhadradri Kothagudem ,10/1/2016,October,2016,310133
Bhadradri Kothagudem ,11/1/2016,November,2016,252127
Bhadradri Kothagudem ,12/1/2016,December,2016,326770
Hyderabad,1/1/2016,January,2016,1122510
Hyderabad,2/1/2016,February,2016,778748
Hyderabad,3/1/2016,March,2016,1017794
Hyderabad,4/1/2016,April,2016,1127738
Hyderabad,5/1/2016,May,2016,1287181
Hyderabad,6/1/2016,June,2016,12032661
Hyderabad,7/1/2016,July,2016,1096754
Hyderabad,8/1/2016,August,2016,1061137
Hyderabad,9/1/2016,September,2016,832987
Hyderabad,10/1/2016,October,2016,901960
Hyderabad,11/1/2016,November,2016,909733
Hyderabad,12/1/2016,December,2016,1225502
Jagtial ,1/1/2016,January,2016,0
Jagtial ,2/1/2016,February,2016,0
Jagtial ,3/1/2016,March,2016,0
Jagtial ,4/1/2016,April,2016,0
Jagtial ,5/1/2016,May,2016,0
Jagtial ,6/1/2016,June,2016,0
Jagtial ,7/1/2016,July,2016,0
Jagtial ,8/1/2016,August,2016,0
Jagtial ,9/1/2016,September,2016,0
Jagtial ,10/1/2016,October,2016,201249
Jagtial ,11/1/2016,November,2016,214534
Jagtial ,12/1/2016,December,2016,207294
Jangaon ,1/1/2016,January,2016,0
Jangaon ,2/1/2016,February,2016,0
Jangaon ,3/1/2016,March,2016,0
Jangaon ,4/1/2016,April,2016,0
Jangaon ,5/1/2016,May,2016,0
Jangaon ,6/1/2016,June,2016,0
Jangaon ,7/1/2016,July,2016,0
Jangaon ,8/1/2016,August,2016,0
Jangaon ,9/1/2016,September,2016,0
Jangaon ,10/1/2016,October,2016,14770
Jangaon ,11/1/2016,November,2016,13210
Jangaon ,12/1/2016,December,2016,12680
Jayashankar Bhoopalpally,1/1/2016,January,2016,0
Jayashankar Bhoopalpally,2/1/2016,February,2016,0
Jayashankar Bhoopalpally,3/1/2016,March,2016,0
Jayashankar Bhoopalpally,4/1/2016,April,2016,0
Jayashankar Bhoopalpally,5/1/2016,May,2016,0
Jayashankar Bhoopalpally,6/1/2016,June,2016,0
Jayashankar Bhoopalpally,7/1/2016,July,2016,0
Jayashankar Bhoopalpally,8/1/2016,August,2016,0
Jayashankar Bhoopalpally,9/1/2016,September,2016,0
Jayashankar Bhoopalpally,10/1/2016,October,2016,76360
Jayashankar Bhoopalpally,11/1/2016,November,2016,81580
Jayashankar Bhoopalpally,12/1/2016,December,2016,85460
Jogulamba Gadwal ,1/1/2016,January,2016,0
Jogulamba Gadwal ,2/1/2016,February,2016,0
Jogulamba Gadwal ,3/1/2016,March,2016,0
Jogulamba Gadwal ,4/1/2016,April,2016,0
Jogulamba Gadwal ,5/1/2016,May,2016,0
Jogulamba Gadwal ,6/1/2016,June,2016,0
Jogulamba Gadwal ,7/1/2016,July,2016,0
Jogulamba Gadwal ,8/1/2016,August,2016,0
Jogulamba Gadwal ,9/1/2016,September,2016,0
Jogulamba Gadwal ,10/1/2016,October,2016,152898
Jogulamba Gadwal ,11/1/2016,November,2016,188170
Jogulamba Gadwal ,12/1/2016,December,2016,182333
Kamareddy ,1/1/2016,January,2016,0
Kamareddy ,2/1/2016,February,2016,0
Kamareddy ,3/1/2016,March,2016,0
Kamareddy ,4/1/2016,April,2016,0
Kamareddy ,5/1/2016,May,2016,0
Kamareddy ,6/1/2016,June,2016,0
Kamareddy ,7/1/2016,July,2016,0
Kamareddy ,8/1/2016,August,2016,0
Kamareddy ,9/1/2016,September,2016,0
Kamareddy ,10/1/2016,October,2016,47
Kamareddy ,11/1/2016,November,2016,38
Kamareddy ,12/1/2016,December,2016,42
Karimnagar ,1/1/2016,January,2016,1984442
Karimnagar ,2/1/2016,February,2016,779960
Karimnagar ,3/1/2016,March,2016,1018399
Karimnagar ,4/1/2016,April,2016,956959
Karimnagar ,5/1/2016,May,2016,1095642
Karimnagar ,6/1/2016,June,2016,914746
Karimnagar ,7/1/2016,July,2016,401047
Karimnagar ,8/1/2016,August,2016,1018399
Karimnagar ,9/1/2016,September,2016,956959
Karimnagar ,10/1/2016,October,2016,13675
Karimnagar ,11/1/2016,November,2016,13350
Karimnagar ,12/1/2016,December,2016,13890
Khammam,1/1/2016,January,2016,651827
Khammam,2/1/2016,February,2016,407533
Khammam,3/1/2016,March,2016,458527
Khammam,4/1/2016,April,2016,971622
Khammam,5/1/2016,May,2016,433994
Khammam,6/1/2016,June,2016,445862
Khammam,7/1/2016,July,2016,414963
Khammam,8/1/2016,August,2016,503654
Khammam,9/1/2016,September,2016,368437
Khammam,10/1/2016,October,2016,121575
Khammam,11/1/2016,November,2016,110634
Khammam,12/1/2016,December,2016,116403
Komaram Bheem Asifabad,1/1/2016,January,2016,0
Komaram Bheem Asifabad,2/1/2016,February,2016,0
Komaram Bheem Asifabad,3/1/2016,March,2016,0
Komaram Bheem Asifabad,4/1/2016,April,2016,0
Komaram Bheem Asifabad,5/1/2016,May,2016,0
Komaram Bheem Asifabad,6/1/2016,June,2016,0
Komaram Bheem Asifabad,7/1/2016,July,2016,0
Komaram Bheem Asifabad,8/1/2016,August,2016,0
Komaram Bheem Asifabad,9/1/2016,September,2016,0
Komaram Bheem Asifabad,10/1/2016,October,2016,0
Komaram Bheem Asifabad,11/1/2016,November,2016,0
Komaram Bheem Asifabad,12/1/2016,December,2016,0
Mahabubabad ,1/1/2016,January,2016,0
Mahabubabad ,2/1/2016,February,2016,0
Mahabubabad ,3/1/2016,March,2016,0
Mahabubabad ,4/1/2016,April,2016,0
Mahabubabad ,5/1/2016,May,2016,0
Mahabubabad ,6/1/2016,June,2016,0
Mahabubabad ,7/1/2016,July,2016,0
Mahabubabad ,8/1/2016,August,2016,0
Mahabubabad ,9/1/2016,September,2016,0
Mahabubabad ,10/1/2016,October,2016,13032
Mahabubabad ,11/1/2016,November,2016,114015
Mahabubabad ,12/1/2016,December,2016,12955
Mahbubnagar,1/1/2016,January,2016,577071
Mahbubnagar,2/1/2016,February,2016,1312068
Mahbubnagar,3/1/2016,March,2016,1731983
Mahbubnagar,4/1/2016,April,2016,622432
Mahbubnagar,5/1/2016,May,2016,571898
Mahbubnagar,6/1/2016,June,2016,561006
Mahbubnagar,7/1/2016,July,2016,562322
Mahbubnagar,8/1/2016,August,2016,1133105
Mahbubnagar,9/1/2016,September,2016,567712
Mahbubnagar,10/1/2016,October,2016,198592
Mahbubnagar,11/1/2016,November,2016,256375
Mahbubnagar,12/1/2016,December,2016,210202
Mancherial,1/1/2016,January,2016,0
Mancherial,2/1/2016,February,2016,0
Mancherial,3/1/2016,March,2016,0
Mancherial,4/1/2016,April,2016,0
Mancherial,5/1/2016,May,2016,0
Mancherial,6/1/2016,June,2016,0
Mancherial,7/1/2016,July,2016,0
Mancherial,8/1/2016,August,2016,0
Mancherial,9/1/2016,September,2016,0
Mancherial,10/1/2016,October,2016,3124
Mancherial,11/1/2016,November,2016,2255
Mancherial,12/1/2016,December,2016,2423
Medak ,1/1/2016,January,2016,92600
Medak ,2/1/2016,February,2016,215000
Medak ,3/1/2016,March,2016,1318000
Medak ,4/1/2016,April,2016,300000
Medak ,5/1/2016,May,2016,198000
Medak ,6/1/2016,June,2016,166700
Medak ,7/1/2016,July,2016,153300
Medak ,8/1/2016,August,2016,216100
Medak ,9/1/2016,September,2016,132600
Medak ,10/1/2016,October,2016,15600
Medak ,11/1/2016,November,2016,132300
Medak ,12/1/2016,December,2016,523000
Medchal ,1/1/2016,January,2016,0
Medchal ,2/1/2016,February,2016,0
Medchal ,3/1/2016,March,2016,0
Medchal ,4/1/2016,April,2016,0
Medchal ,5/1/2016,May,2016,0
Medchal ,6/1/2016,June,2016,0
Medchal ,7/1/2016,July,2016,0
Medchal ,8/1/2016,August,2016,0
Medchal ,9/1/2016,September,2016,0
Medchal ,10/1/2016,October,2016,0
Medchal ,11/1/2016,November,2016,0
Medchal ,12/1/2016,December,2016,0
Nagarkurnool ,1/1/2016,January,2016,0
Nagarkurnool ,2/1/2016,February,2016,0
Nagarkurnool ,3/1/2016,March,2016,0
Nagarkurnool ,4/1/2016,April,2016,0
Nagarkurnool ,5/1/2016,May,2016,0
Nagarkurnool ,6/1/2016,June,2016,0
Nagarkurnool ,7/1/2016,July,2016,0
Nagarkurnool ,8/1/2016,August,2016,0
Nagarkurnool ,9/1/2016,September,2016,0
Nagarkurnool ,10/1/2016,October,2016,201050
Nagarkurnool ,11/1/2016,November,2016,188786
Nagarkurnool ,12/1/2016,December,2016,198637
Nalgonda,1/1/2016,January,2016,566515
Nalgonda,2/1/2016,February,2016,539467
Nalgonda,3/1/2016,March,2016,619462
Nalgonda,4/1/2016,April,2016,601253
Nalgonda,5/1/2016,May,2016,628872
Nalgonda,6/1/2016,June,2016,551239
Nalgonda,7/1/2016,July,2016,582820
Nalgonda,8/1/2016,August,2016,988102
Nalgonda,9/1/2016,September,2016,742402
Nalgonda,10/1/2016,October,2016,3508
Nalgonda,11/1/2016,November,2016,21046
Nalgonda,12/1/2016,December,2016,13775
Nirmal,1/1/2016,January,2016,0
Nirmal,2/1/2016,February,2016,0
Nirmal,3/1/2016,March,2016,0
Nirmal,4/1/2016,April,2016,0
Nirmal,5/1/2016,May,2016,0
Nirmal,6/1/2016,June,2016,0
Nirmal,7/1/2016,July,2016,0
Nirmal,8/1/2016,August,2016,0
Nirmal,9/1/2016,September,2016,0
Nirmal,10/1/2016,October,2016,475955
Nirmal,11/1/2016,November,2016,201388
Nirmal,12/1/2016,December,2016,239267
Nizamabad,1/1/2016,January,2016,576
Nizamabad,2/1/2016,February,2016,869
Nizamabad,3/1/2016,March,2016,408
Nizamabad,4/1/2016,April,2016,476
Nizamabad,5/1/2016,May,2016,554
Nizamabad,6/1/2016,June,2016,367
Nizamabad,7/1/2016,July,2016,644
Nizamabad,8/1/2016,August,2016,589
Nizamabad,9/1/2016,September,2016,553
Nizamabad,10/1/2016,October,2016,434
Nizamabad,11/1/2016,November,2016,617
Nizamabad,12/1/2016,December,2016,355
Peddapalli,1/1/2016,January,2016,0
Peddapalli,2/1/2016,February,2016,0
Peddapalli,3/1/2016,March,2016,0
Peddapalli,4/1/2016,April,2016,0
Peddapalli,5/1/2016,May,2016,0
Peddapalli,6/1/2016,June,2016,0
Peddapalli,7/1/2016,July,2016,0
Peddapalli,8/1/2016,August,2016,0
Peddapalli,9/1/2016,September,2016,0
Peddapalli,10/1/2016,October,2016,950
Peddapalli,11/1/2016,November,2016,1145
Peddapalli,12/1/2016,December,2016,1149
Rajanna Sircilla ,1/1/2016,January,2016,0
Rajanna Sircilla ,2/1/2016,February,2016,0
Rajanna Sircilla ,3/1/2016,March,2016,0
Rajanna Sircilla ,4/1/2016,April,2016,0
Rajanna Sircilla ,5/1/2016,May,2016,0
Rajanna Sircilla ,6/1/2016,June,2016,0
Rajanna Sircilla ,7/1/2016,July,2016,0
Rajanna Sircilla ,8/1/2016,August,2016,0
Rajanna Sircilla ,9/1/2016,September,2016,0
Rajanna Sircilla ,10/1/2016,October,2016,534484
Rajanna Sircilla ,11/1/2016,November,2016,864077
Rajanna Sircilla ,12/1/2016,December,2016,778240
Ranga Reddy,1/1/2016,January,2016,0
Ranga Reddy,2/1/2016,February,2016,0
Ranga Reddy,3/1/2016,March,2016,0
Ranga Reddy,4/1/2016,April,2016,0
Ranga Reddy,5/1/2016,May,2016,0
Ranga Reddy,6/1/2016,June,2016,0
Ranga Reddy,7/1/2016,July,2016,0
Ranga Reddy,8/1/2016,August,2016,0
Ranga Reddy,9/1/2016,September,2016,0
Ranga Reddy,10/1/2016,October,2016,0
Ranga Reddy,11/1/2016,November,2016,0
Ranga Reddy,12/1/2016,December,2016,0
Sangareddy ,1/1/2016,January,2016,0
Sangareddy ,2/1/2016,February,2016,0
Sangareddy ,3/1/2016,March,2016,0
Sangareddy ,4/1/2016,April,2016,0
Sangareddy ,5/1/2016,May,2016,0
Sangareddy ,6/1/2016,June,2016,0
Sangareddy ,7/1/2016,July,2016,0
Sangareddy ,8/1/2016,August,2016,0
Sangareddy ,9/1/2016,September,2016,0
Sangareddy ,10/1/2016,October,2016,274000
Sangareddy ,11/1/2016,November,2016,349000
Sangareddy ,12/1/2016,December,2016,155000
Siddipet,1/1/2016,January,2016,0
Siddipet,2/1/2016,February,2016,0
Siddipet,3/1/2016,March,2016,0
Siddipet,4/1/2016,April,2016,0
Siddipet,5/1/2016,May,2016,0
Siddipet,6/1/2016,June,2016,0
Siddipet,7/1/2016,July,2016,0
Siddipet,8/1/2016,August,2016,0
Siddipet,9/1/2016,September,2016,0
Siddipet,10/1/2016,October,2016,123500
Siddipet,11/1/2016,November,2016,154400
Siddipet,12/1/2016,December,2016,80500
Suryapet,1/1/2016,January,2016,0
Suryapet,2/1/2016,February,2016,0
Suryapet,3/1/2016,March,2016,0
Suryapet,4/1/2016,April,2016,0
Suryapet,5/1/2016,May,2016,0
Suryapet,6/1/2016,June,2016,0
Suryapet,7/1/2016,July,2016,0
Suryapet,8/1/2016,August,2016,0
Suryapet,9/1/2016,September,2016,0
Suryapet,10/1/2016,October,2016,0
Suryapet,11/1/2016,November,2016,0
Suryapet,12/1/2016,December,2016,0
Vikarabad,1/1/2016,January,2016,0
Vikarabad,2/1/2016,February,2016,0
Vikarabad,3/1/2016,March,2016,0
Vikarabad,4/1/2016,April,2016,0
Vikarabad,5/1/2016,May,2016,0
Vikarabad,6/1/2016,June,2016,0
Vikarabad,7/1/2016,July,2016,0
Vikarabad,8/1/2016,August,2016,0
Vikarabad,9/1/2016,September,2016,0
Vikarabad,10/1/2016,October,2016,0
Vikarabad,11/1/2016,November,2016,0
Vikarabad,12/1/2016,December,2016,0
Wanaparthy ,1/1/2016,January,2016,0
Wanaparthy ,2/1/2016,February,2016,0
Wanaparthy ,3/1/2016,March,2016,0
Wanaparthy ,4/1/2016,April,2016,0
Wanaparthy ,5/1/2016,May,2016,0
Wanaparthy ,6/1/2016,June,2016,0
Wanaparthy ,7/1/2016,July,2016,0
Wanaparthy ,8/1/2016,August,2016,0
Wanaparthy ,9/1/2016,September,2016,0
Wanaparthy ,10/1/2016,October,2016,21234
Wanaparthy ,11/1/2016,November,2016,18348
Wanaparthy ,12/1/2016,December,2016,20556
Warangal (Rural),1/1/2016,January,2016,0
Warangal (Rural),2/1/2016,February,2016,0
Warangal (Rural),3/1/2016,March,2016,0
Warangal (Rural),4/1/2016,April,2016,0
Warangal (Rural),5/1/2016,May,2016,0
Warangal (Rural),6/1/2016,June,2016,0
Warangal (Rural),7/1/2016,July,2016,0
Warangal (Rural),8/1/2016,August,2016,0
Warangal (Rural),9/1/2016,September,2016,0
Warangal (Rural),10/1/2016,October,2016,8200
Warangal (Rural),11/1/2016,November,2016,6050
Warangal (Rural),12/1/2016,December,2016,5150
Warangal (Urban),1/1/2016,January,2016,1985815
Warangal (Urban),2/1/2016,February,2016,20703778
Warangal (Urban),3/1/2016,March,2016,568397
Warangal (Urban),4/1/2016,April,2016,317643
Warangal (Urban),5/1/2016,May,2016,373788
Warangal (Urban),6/1/2016,June,2016,365332
Warangal (Urban),7/1/2016,July,2016,340320
Warangal (Urban),8/1/2016,August,2016,368755
Warangal (Urban),9/1/2016,September,2016,379210
Warangal (Urban),10/1/2016,October,2016,128247
Warangal (Urban),11/1/2016,November,2016,129250
Warangal (Urban),12/1/2016,December,2016,127500
Yadadri Bhongir,1/1/2016,January,2016,0
Yadadri Bhongir,2/1/2016,February,2016,0
Yadadri Bhongir,3/1/2016,March,2016,0
Yadadri Bhongir,4/1/2016,April,2016,0
Yadadri Bhongir,5/1/2016,May,2016,0
Yadadri Bhongir,6/1/2016,June,2016,0
Yadadri Bhongir,7/1/2016,July,2016,0
Yadadri Bhongir,8/1/2016,August,2016,0
Yadadri Bhongir,9/1/2016,September,2016,0
Yadadri Bhongir,10/1/2016,October,2016,584800
Yadadri Bhongir,11/1/2016,November,2016,681000
Yadadri Bhongir,12/1/2016,December,2016,462800
Adilabad,1/1/2017,January,2017,318799
Adilabad,2/1/2017,February,2017,83316
Adilabad,3/1/2017,March,2017,27508
Adilabad,4/1/2017,April,2017,13946
Adilabad,5/1/2017,May,2017,11752
Adilabad,6/1/2017,June,2017,26859
Adilabad,7/1/2017,July,2017,52386
Adilabad,8/1/2017,August,2017,34876
Adilabad,9/1/2017,September,2017,42699
Adilabad,10/1/2017,October,2017,41666
Adilabad,11/1/2017,November,2017,117322
Adilabad,12/1/2017,December,2017,54251
Bhadradri Kothagudem ,1/1/2017,January,2017,302315
Bhadradri Kothagudem ,2/1/2017,February,2017,251359
Bhadradri Kothagudem ,3/1/2017,March,2017,243943
Bhadradri Kothagudem ,4/1/2017,April,2017,667459
Bhadradri Kothagudem ,5/1/2017,May,2017,311626
Bhadradri Kothagudem ,6/1/2017,June,2017,351742
Bhadradri Kothagudem ,7/1/2017,July,2017,258114
Bhadradri Kothagudem ,8/1/2017,August,2017,316438
Bhadradri Kothagudem ,9/1/2017,September,2017,381784
Bhadradri Kothagudem ,10/1/2017,October,2017,334504
Bhadradri Kothagudem ,11/1/2017,November,2017,281515
Bhadradri Kothagudem ,12/1/2017,December,2017,393518
Hyderabad,1/1/2017,January,2017,1924695
Hyderabad,2/1/2017,February,2017,1886698
Hyderabad,3/1/2017,March,2017,1783903
Hyderabad,4/1/2017,April,2017,2366793
Hyderabad,5/1/2017,May,2017,2266793
Hyderabad,6/1/2017,June,2017,2007060
Hyderabad,7/1/2017,July,2017,1890870
Hyderabad,8/1/2017,August,2017,1976980
Hyderabad,9/1/2017,September,2017,2011280
Hyderabad,10/1/2017,October,2017,2202316
Hyderabad,11/1/2017,November,2017,1971438
Hyderabad,12/1/2017,December,2017,4871416
Jagtial ,1/1/2017,January,2017,174477
Jagtial ,2/1/2017,February,2017,159659
Jagtial ,3/1/2017,March,2017,323658
Jagtial ,4/1/2017,April,2017,330540
Jagtial ,5/1/2017,May,2017,468038
Jagtial ,6/1/2017,June,2017,418103
Jagtial ,7/1/2017,July,2017,247254
Jagtial ,8/1/2017,August,2017,386458
Jagtial ,9/1/2017,September,2017,143102
Jagtial ,10/1/2017,October,2017,248504
Jagtial ,11/1/2017,November,2017,348042
Jagtial ,12/1/2017,December,2017,393566
Jangaon ,1/1/2017,January,2017,12280
Jangaon ,2/1/2017,February,2017,12610
Jangaon ,3/1/2017,March,2017,8450
Jangaon ,4/1/2017,April,2017,9788
Jangaon ,5/1/2017,May,2017,12130
Jangaon ,6/1/2017,June,2017,13750
Jangaon ,7/1/2017,July,2017,16050
Jangaon ,8/1/2017,August,2017,15680
Jangaon ,9/1/2017,September,2017,15600
Jangaon ,10/1/2017,October,2017,16130
Jangaon ,11/1/2017,November,2017,16360
Jangaon ,12/1/2017,December,2017,16880
Jayashankar Bhoopalpally,1/1/2017,January,2017,96560
Jayashankar Bhoopalpally,2/1/2017,February,2017,96850
Jayashankar Bhoopalpally,3/1/2017,March,2017,81400
Jayashankar Bhoopalpally,4/1/2017,April,2017,90700
Jayashankar Bhoopalpally,5/1/2017,May,2017,91150
Jayashankar Bhoopalpally,6/1/2017,June,2017,93650
Jayashankar Bhoopalpally,7/1/2017,July,2017,94700
Jayashankar Bhoopalpally,8/1/2017,August,2017,118350
Jayashankar Bhoopalpally,9/1/2017,September,2017,112600
Jayashankar Bhoopalpally,10/1/2017,October,2017,115250
Jayashankar Bhoopalpally,11/1/2017,November,2017,116800
Jayashankar Bhoopalpally,12/1/2017,December,2017,723000
Jogulamba Gadwal ,1/1/2017,January,2017,214887
Jogulamba Gadwal ,2/1/2017,February,2017,481110
Jogulamba Gadwal ,3/1/2017,March,2017,155013
Jogulamba Gadwal ,4/1/2017,April,2017,131426
Jogulamba Gadwal ,5/1/2017,May,2017,131426
Jogulamba Gadwal ,6/1/2017,June,2017,160182
Jogulamba Gadwal ,7/1/2017,July,2017,160182
Jogulamba Gadwal ,8/1/2017,August,2017,131485
Jogulamba Gadwal ,9/1/2017,September,2017,123733
Jogulamba Gadwal ,10/1/2017,October,2017,152898
Jogulamba Gadwal ,11/1/2017,November,2017,188170
Jogulamba Gadwal ,12/1/2017,December,2017,214887
Kamareddy ,1/1/2017,January,2017,58
Kamareddy ,2/1/2017,February,2017,50
Kamareddy ,3/1/2017,March,2017,41
Kamareddy ,4/1/2017,April,2017,46
Kamareddy ,5/1/2017,May,2017,60
Kamareddy ,6/1/2017,June,2017,41
Kamareddy ,7/1/2017,July,2017,41
Kamareddy ,8/1/2017,August,2017,40
Kamareddy ,9/1/2017,September,2017,41
Kamareddy ,10/1/2017,October,2017,38
Kamareddy ,11/1/2017,November,2017,43
Kamareddy ,12/1/2017,December,2017,41
Karimnagar ,1/1/2017,January,2017,14425
Karimnagar ,2/1/2017,February,2017,10845
Karimnagar ,3/1/2017,March,2017,9625
Karimnagar ,4/1/2017,April,2017,8630
Karimnagar ,5/1/2017,May,2017,8890
Karimnagar ,6/1/2017,June,2017,10542
Karimnagar ,7/1/2017,July,2017,12350
Karimnagar ,8/1/2017,August,2017,10952
Karimnagar ,9/1/2017,September,2017,7576
Karimnagar ,10/1/2017,October,2017,8371
Karimnagar ,11/1/2017,November,2017,8705
Karimnagar ,12/1/2017,December,2017,13065
Khammam,1/1/2017,January,2017,132528
Khammam,2/1/2017,February,2017,115470
Khammam,3/1/2017,March,2017,101878
Khammam,4/1/2017,April,2017,135920
Khammam,5/1/2017,May,2017,138799
Khammam,6/1/2017,June,2017,138158
Khammam,7/1/2017,July,2017,105102
Khammam,8/1/2017,August,2017,129159
Khammam,9/1/2017,September,2017,140821
Khammam,10/1/2017,October,2017,155943
Khammam,11/1/2017,November,2017,110800
Khammam,12/1/2017,December,2017,137825
Komaram Bheem Asifabad,1/1/2017,January,2017,2241
Komaram Bheem Asifabad,2/1/2017,February,2017,2490
Komaram Bheem Asifabad,3/1/2017,March,2017,2767
Komaram Bheem Asifabad,4/1/2017,April,2017,3074
Komaram Bheem Asifabad,5/1/2017,May,2017,3416
Komaram Bheem Asifabad,6/1/2017,June,2017,3796
Komaram Bheem Asifabad,7/1/2017,July,2017,3713
Komaram Bheem Asifabad,8/1/2017,August,2017,3665
Komaram Bheem Asifabad,9/1/2017,September,2017,3934
Komaram Bheem Asifabad,10/1/2017,October,2017,14050
Komaram Bheem Asifabad,11/1/2017,November,2017,3627
Komaram Bheem Asifabad,12/1/2017,December,2017,4218
Mahabubabad ,1/1/2017,January,2017,13260
Mahabubabad ,2/1/2017,February,2017,13045
Mahabubabad ,3/1/2017,March,2017,9100
Mahabubabad ,4/1/2017,April,2017,9140
Mahabubabad ,5/1/2017,May,2017,10220
Mahabubabad ,6/1/2017,June,2017,10130
Mahabubabad ,7/1/2017,July,2017,10170
Mahabubabad ,8/1/2017,August,2017,12520
Mahabubabad ,9/1/2017,September,2017,13140
Mahabubabad ,10/1/2017,October,2017,13750
Mahabubabad ,11/1/2017,November,2017,13560
Mahabubabad ,12/1/2017,December,2017,13780
Mahbubnagar,1/1/2017,January,2017,446135
Mahbubnagar,2/1/2017,February,2017,805392
Mahbubnagar,3/1/2017,March,2017,178256
Mahbubnagar,4/1/2017,April,2017,208694
Mahbubnagar,5/1/2017,May,2017,214209
Mahbubnagar,6/1/2017,June,2017,179210
Mahbubnagar,7/1/2017,July,2017,179099
Mahbubnagar,8/1/2017,August,2017,215229
Mahbubnagar,9/1/2017,September,2017,180675
Mahbubnagar,10/1/2017,October,2017,196103
Mahbubnagar,11/1/2017,November,2017,259060
Mahbubnagar,12/1/2017,December,2017,426167
Mancherial,1/1/2017,January,2017,2937
Mancherial,2/1/2017,February,2017,3130
Mancherial,3/1/2017,March,2017,2775
Mancherial,4/1/2017,April,2017,1513
Mancherial,5/1/2017,May,2017,1424
Mancherial,6/1/2017,June,2017,2119
Mancherial,7/1/2017,July,2017,33591
Mancherial,8/1/2017,August,2017,26104
Mancherial,9/1/2017,September,2017,24297
Mancherial,10/1/2017,October,2017,37671
Mancherial,11/1/2017,November,2017,25737
Mancherial,12/1/2017,December,2017,30328
Medak ,1/1/2017,January,2017,523000
Medak ,2/1/2017,February,2017,543321
Medak ,3/1/2017,March,2017,548535
Medak ,4/1/2017,April,2017,554864
Medak ,5/1/2017,May,2017,556891
Medak ,6/1/2017,June,2017,561469
Medak ,7/1/2017,July,2017,575300
Medak ,8/1/2017,August,2017,632830
Medak ,9/1/2017,September,2017,696113
Medak ,10/1/2017,October,2017,765724
Medak ,11/1/2017,November,2017,842296
Medak ,12/1/2017,December,2017,926526
Medchal ,1/1/2017,January,2017,0
Medchal ,2/1/2017,February,2017,0
Medchal ,3/1/2017,March,2017,0
Medchal ,4/1/2017,April,2017,0
Medchal ,5/1/2017,May,2017,0
Medchal ,6/1/2017,June,2017,0
Medchal ,7/1/2017,July,2017,0
Medchal ,8/1/2017,August,2017,0
Medchal ,9/1/2017,September,2017,0
Medchal ,10/1/2017,October,2017,0
Medchal ,11/1/2017,November,2017,0
Medchal ,12/1/2017,December,2017,0
Nagarkurnool ,1/1/2017,January,2017,382879
Nagarkurnool ,2/1/2017,February,2017,286258
Nagarkurnool ,3/1/2017,March,2017,184508
Nagarkurnool ,4/1/2017,April,2017,183697
Nagarkurnool ,5/1/2017,May,2017,183697
Nagarkurnool ,6/1/2017,June,2017,180010
Nagarkurnool ,7/1/2017,July,2017,180010
Nagarkurnool ,8/1/2017,August,2017,181861
Nagarkurnool ,9/1/2017,September,2017,118010
Nagarkurnool ,10/1/2017,October,2017,201050
Nagarkurnool ,11/1/2017,November,2017,188786
Nagarkurnool ,12/1/2017,December,2017,382879
Nalgonda,1/1/2017,January,2017,4447
Nalgonda,2/1/2017,February,2017,8652
Nalgonda,3/1/2017,March,2017,8054
Nalgonda,4/1/2017,April,2017,44295
Nalgonda,5/1/2017,May,2017,10750
Nalgonda,6/1/2017,June,2017,37879
Nalgonda,7/1/2017,July,2017,21361
Nalgonda,8/1/2017,August,2017,9363
Nalgonda,9/1/2017,September,2017,17465
Nalgonda,10/1/2017,October,2017,36066
Nalgonda,11/1/2017,November,2017,17687
Nalgonda,12/1/2017,December,2017,25897
Nirmal,1/1/2017,January,2017,340311
Nirmal,2/1/2017,February,2017,415326
Nirmal,3/1/2017,March,2017,442057
Nirmal,4/1/2017,April,2017,274132
Nirmal,5/1/2017,May,2017,297233
Nirmal,6/1/2017,June,2017,340359
Nirmal,7/1/2017,July,2017,328101
Nirmal,8/1/2017,August,2017,340430
Nirmal,9/1/2017,September,2017,528540
Nirmal,10/1/2017,October,2017,388644
Nirmal,11/1/2017,November,2017,369365
Nirmal,12/1/2017,December,2017,340585
Nizamabad,1/1/2017,January,2017,613
Nizamabad,2/1/2017,February,2017,1752
Nizamabad,3/1/2017,March,2017,660
Nizamabad,4/1/2017,April,2017,1048
Nizamabad,5/1/2017,May,2017,1341
Nizamabad,6/1/2017,June,2017,2391
Nizamabad,7/1/2017,July,2017,1520
Nizamabad,8/1/2017,August,2017,1583
Nizamabad,9/1/2017,September,2017,933
Nizamabad,10/1/2017,October,2017,6644
Nizamabad,11/1/2017,November,2017,1677
Nizamabad,12/1/2017,December,2017,1787
Peddapalli,1/1/2017,January,2017,1345
Peddapalli,2/1/2017,February,2017,1378
Peddapalli,3/1/2017,March,2017,965
Peddapalli,4/1/2017,April,2017,750
Peddapalli,5/1/2017,May,2017,640
Peddapalli,6/1/2017,June,2017,885
Peddapalli,7/1/2017,July,2017,1095
Peddapalli,8/1/2017,August,2017,1385
Peddapalli,9/1/2017,September,2017,1155
Peddapalli,10/1/2017,October,2017,1595
Peddapalli,11/1/2017,November,2017,1940
Peddapalli,12/1/2017,December,2017,1765
Rajanna Sircilla ,1/1/2017,January,2017,615842
Rajanna Sircilla ,2/1/2017,February,2017,1255569
Rajanna Sircilla ,3/1/2017,March,2017,1030441
Rajanna Sircilla ,4/1/2017,April,2017,1146782
Rajanna Sircilla ,5/1/2017,May,2017,1117228
Rajanna Sircilla ,6/1/2017,June,2017,1113882
Rajanna Sircilla ,7/1/2017,July,2017,462022
Rajanna Sircilla ,8/1/2017,August,2017,1004410
Rajanna Sircilla ,9/1/2017,September,2017,487060
Rajanna Sircilla ,10/1/2017,October,2017,845620
Rajanna Sircilla ,11/1/2017,November,2017,1191129
Rajanna Sircilla ,12/1/2017,December,2017,1649362
Ranga Reddy,1/1/2017,January,2017,0
Ranga Reddy,2/1/2017,February,2017,0
Ranga Reddy,3/1/2017,March,2017,0
Ranga Reddy,4/1/2017,April,2017,0
Ranga Reddy,5/1/2017,May,2017,0
Ranga Reddy,6/1/2017,June,2017,0
Ranga Reddy,7/1/2017,July,2017,0
Ranga Reddy,8/1/2017,August,2017,0
Ranga Reddy,9/1/2017,September,2017,0
Ranga Reddy,10/1/2017,October,2017,0
Ranga Reddy,11/1/2017,November,2017,0
Ranga Reddy,12/1/2017,December,2017,0
Sangareddy ,1/1/2017,January,2017,195000
Sangareddy ,2/1/2017,February,2017,140000
Sangareddy ,3/1/2017,March,2017,275000
Sangareddy ,4/1/2017,April,2017,215000
Sangareddy ,5/1/2017,May,2017,215000
Sangareddy ,6/1/2017,June,2017,180000
Sangareddy ,7/1/2017,July,2017,195000
Sangareddy ,8/1/2017,August,2017,295000
Sangareddy ,9/1/2017,September,2017,200000
Sangareddy ,10/1/2017,October,2017,232000
Sangareddy ,11/1/2017,November,2017,324500
Sangareddy ,12/1/2017,December,2017,356950
Siddipet,1/1/2017,January,2017,80500
Siddipet,2/1/2017,February,2017,80500
Siddipet,3/1/2017,March,2017,80500
Siddipet,4/1/2017,April,2017,80500
Siddipet,5/1/2017,May,2017,80500
Siddipet,6/1/2017,June,2017,60000
Siddipet,7/1/2017,July,2017,88550
Siddipet,8/1/2017,August,2017,97405
Siddipet,9/1/2017,September,2017,107146
Siddipet,10/1/2017,October,2017,117861
Siddipet,11/1/2017,November,2017,129647
Siddipet,12/1/2017,December,2017,142612
Suryapet,1/1/2017,January,2017,0
Suryapet,2/1/2017,February,2017,0
Suryapet,3/1/2017,March,2017,0
Suryapet,4/1/2017,April,2017,0
Suryapet,5/1/2017,May,2017,0
Suryapet,6/1/2017,June,2017,0
Suryapet,7/1/2017,July,2017,0
Suryapet,8/1/2017,August,2017,0
Suryapet,9/1/2017,September,2017,0
Suryapet,10/1/2017,October,2017,0
Suryapet,11/1/2017,November,2017,0
Suryapet,12/1/2017,December,2017,0
Vikarabad,1/1/2017,January,2017,0
Vikarabad,2/1/2017,February,2017,0
Vikarabad,3/1/2017,March,2017,0
Vikarabad,4/1/2017,April,2017,0
Vikarabad,5/1/2017,May,2017,0
Vikarabad,6/1/2017,June,2017,0
Vikarabad,7/1/2017,July,2017,0
Vikarabad,8/1/2017,August,2017,0
Vikarabad,9/1/2017,September,2017,0
Vikarabad,10/1/2017,October,2017,0
Vikarabad,11/1/2017,November,2017,0
Vikarabad,12/1/2017,December,2017,0
Wanaparthy ,1/1/2017,January,2017,22152
Wanaparthy ,2/1/2017,February,2017,22342
Wanaparthy ,3/1/2017,March,2017,20050
Wanaparthy ,4/1/2017,April,2017,11502
Wanaparthy ,5/1/2017,May,2017,11502
Wanaparthy ,6/1/2017,June,2017,19092
Wanaparthy ,7/1/2017,July,2017,19092
Wanaparthy ,8/1/2017,August,2017,21375
Wanaparthy ,9/1/2017,September,2017,35860
Wanaparthy ,10/1/2017,October,2017,21234
Wanaparthy ,11/1/2017,November,2017,18348
Wanaparthy ,12/1/2017,December,2017,22152
Warangal (Rural),1/1/2017,January,2017,8000
Warangal (Rural),2/1/2017,February,2017,8300
Warangal (Rural),3/1/2017,March,2017,7800
Warangal (Rural),4/1/2017,April,2017,7600
Warangal (Rural),5/1/2017,May,2017,8500
Warangal (Rural),6/1/2017,June,2017,9000
Warangal (Rural),7/1/2017,July,2017,13600
Warangal (Rural),8/1/2017,August,2017,13650
Warangal (Rural),9/1/2017,September,2017,13800
Warangal (Rural),10/1/2017,October,2017,16500
Warangal (Rural),11/1/2017,November,2017,16300
Warangal (Rural),12/1/2017,December,2017,21200
Warangal (Urban),1/1/2017,January,2017,130608
Warangal (Urban),2/1/2017,February,2017,126608
Warangal (Urban),3/1/2017,March,2017,118298
Warangal (Urban),4/1/2017,April,2017,107133
Warangal (Urban),5/1/2017,May,2017,109915
Warangal (Urban),6/1/2017,June,2017,111530
Warangal (Urban),7/1/2017,July,2017,116545
Warangal (Urban),8/1/2017,August,2017,116810
Warangal (Urban),9/1/2017,September,2017,117150
Warangal (Urban),10/1/2017,October,2017,119255
Warangal (Urban),11/1/2017,November,2017,119360
Warangal (Urban),12/1/2017,December,2017,126790
Yadadri Bhongir,1/1/2017,January,2017,678000
Yadadri Bhongir,2/1/2017,February,2017,540500
Yadadri Bhongir,3/1/2017,March,2017,525588
Yadadri Bhongir,4/1/2017,April,2017,570000
Yadadri Bhongir,5/1/2017,May,2017,458700
Yadadri Bhongir,6/1/2017,June,2017,685880
Yadadri Bhongir,7/1/2017,July,2017,481240
Yadadri Bhongir,8/1/2017,August,2017,680720
Yadadri Bhongir,9/1/2017,September,2017,678925
Yadadri Bhongir,10/1/2017,October,2017,683500
Yadadri Bhongir,11/1/2017,November,2017,537600
Yadadri Bhongir,12/1/2017,December,2017,481075
Adilabad,1/1/2018,January,2018,320356
Adilabad,2/1/2018,February,2018,36550
Adilabad,3/1/2018,March,2018,23011
Adilabad,4/1/2018,April,2018,14183
Adilabad,5/1/2018,May,2018,8197
Adilabad,6/1/2018,June,2018,12052
Adilabad,7/1/2018,July,2018,24666
Adilabad,8/1/2018,August,2018,38939
Adilabad,9/1/2018,September,2018,25875
Adilabad,10/1/2018,October,2018,30257
Adilabad,11/1/2018,November,2018,49181
Adilabad,12/1/2018,December,2018,61476
Bhadradri Kothagudem ,1/1/2018,January,2018,421275
Bhadradri Kothagudem ,2/1/2018,February,2018,240634
Bhadradri Kothagudem ,3/1/2018,March,2018,421275
Bhadradri Kothagudem ,4/1/2018,April,2018,341258
Bhadradri Kothagudem ,5/1/2018,May,2018,291273
Bhadradri Kothagudem ,6/1/2018,June,2018,290512
Bhadradri Kothagudem ,7/1/2018,July,2018,220304
Bhadradri Kothagudem ,8/1/2018,August,2018,219548
Bhadradri Kothagudem ,9/1/2018,September,2018,334878
Bhadradri Kothagudem ,10/1/2018,October,2018,322974
Bhadradri Kothagudem ,11/1/2018,November,2018,253464
Bhadradri Kothagudem ,12/1/2018,December,2018,442483
Hyderabad,1/1/2018,January,2018,1978396
Hyderabad,2/1/2018,February,2018,1365837
Hyderabad,3/1/2018,March,2018,1415938
Hyderabad,4/1/2018,April,2018,1586375
Hyderabad,5/1/2018,May,2018,1189492
Hyderabad,6/1/2018,June,2018,1595067
Hyderabad,7/1/2018,July,2018,1470042
Hyderabad,8/1/2018,August,2018,1591470
Hyderabad,9/1/2018,September,2018,1508086
Hyderabad,10/1/2018,October,2018,2207478
Hyderabad,11/1/2018,November,2018,1671320
Hyderabad,12/1/2018,December,2018,1964150
Jagtial ,1/1/2018,January,2018,614082
Jagtial ,2/1/2018,February,2018,349576
Jagtial ,3/1/2018,March,2018,416716
Jagtial ,4/1/2018,April,2018,372874
Jagtial ,5/1/2018,May,2018,641363
Jagtial ,6/1/2018,June,2018,182505
Jagtial ,7/1/2018,July,2018,182473
Jagtial ,8/1/2018,August,2018,272685
Jagtial ,9/1/2018,September,2018,273121
Jagtial ,10/1/2018,October,2018,138206
Jagtial ,11/1/2018,November,2018,277997
Jagtial ,12/1/2018,December,2018,231323
Jangaon ,1/1/2018,January,2018,17180
Jangaon ,2/1/2018,February,2018,18600
Jangaon ,3/1/2018,March,2018,17300
Jangaon ,4/1/2018,April,2018,18100
Jangaon ,5/1/2018,May,2018,19660
Jangaon ,6/1/2018,June,2018,23050
Jangaon ,7/1/2018,July,2018,26280
Jangaon ,8/1/2018,August,2018,26020
Jangaon ,9/1/2018,September,2018,28830
Jangaon ,10/1/2018,October,2018,29470
Jangaon ,11/1/2018,November,2018,29570
Jangaon ,12/1/2018,December,2018,36962
Jayashankar Bhoopalpally,1/1/2018,January,2018,6519850
Jayashankar Bhoopalpally,2/1/2018,February,2018,8626250
Jayashankar Bhoopalpally,3/1/2018,March,2018,146150
Jayashankar Bhoopalpally,4/1/2018,April,2018,149150
Jayashankar Bhoopalpally,5/1/2018,May,2018,152050
Jayashankar Bhoopalpally,6/1/2018,June,2018,159400
Jayashankar Bhoopalpally,7/1/2018,July,2018,128550
Jayashankar Bhoopalpally,8/1/2018,August,2018,184700
Jayashankar Bhoopalpally,9/1/2018,September,2018,192300
Jayashankar Bhoopalpally,10/1/2018,October,2018,195400
Jayashankar Bhoopalpally,11/1/2018,November,2018,196500
Jayashankar Bhoopalpally,12/1/2018,December,2018,245625
Jogulamba Gadwal ,1/1/2018,January,2018,146441
Jogulamba Gadwal ,2/1/2018,February,2018,481110
Jogulamba Gadwal ,3/1/2018,March,2018,155013
Jogulamba Gadwal ,4/1/2018,April,2018,138673
Jogulamba Gadwal ,5/1/2018,May,2018,131426
Jogulamba Gadwal ,6/1/2018,June,2018,160182
Jogulamba Gadwal ,7/1/2018,July,2018,114951
Jogulamba Gadwal ,8/1/2018,August,2018,123733
Jogulamba Gadwal ,9/1/2018,September,2018,121710
Jogulamba Gadwal ,10/1/2018,October,2018,152898
Jogulamba Gadwal ,11/1/2018,November,2018,128075
Jogulamba Gadwal ,12/1/2018,December,2018,182333
Kamareddy ,1/1/2018,January,2018,44
Kamareddy ,2/1/2018,February,2018,44
Kamareddy ,3/1/2018,March,2018,45
Kamareddy ,4/1/2018,April,2018,45
Kamareddy ,5/1/2018,May,2018,49
Kamareddy ,6/1/2018,June,2018,56
Kamareddy ,7/1/2018,July,2018,48
Kamareddy ,8/1/2018,August,2018,55
Kamareddy ,9/1/2018,September,2018,40
Kamareddy ,10/1/2018,October,2018,62
Kamareddy ,11/1/2018,November,2018,41
Kamareddy ,12/1/2018,December,2018,43
Karimnagar ,1/1/2018,January,2018,13505
Karimnagar ,2/1/2018,February,2018,9330
Karimnagar ,3/1/2018,March,2018,7205
Karimnagar ,4/1/2018,April,2018,5830
Karimnagar ,5/1/2018,May,2018,5689
Karimnagar ,6/1/2018,June,2018,7180
Karimnagar ,7/1/2018,July,2018,6686
Karimnagar ,8/1/2018,August,2018,8480
Karimnagar ,9/1/2018,September,2018,8480
Karimnagar ,10/1/2018,October,2018,6118
Karimnagar ,11/1/2018,November,2018,7145
Karimnagar ,12/1/2018,December,2018,7800
Khammam,1/1/2018,January,2018,110094
Khammam,2/1/2018,February,2018,104444
Khammam,3/1/2018,March,2018,127152
Khammam,4/1/2018,April,2018,126553
Khammam,5/1/2018,May,2018,135189
Khammam,6/1/2018,June,2018,135988
Khammam,7/1/2018,July,2018,85932
Khammam,8/1/2018,August,2018,86309
Khammam,9/1/2018,September,2018,143465
Khammam,10/1/2018,October,2018,127645
Khammam,11/1/2018,November,2018,99070
Khammam,12/1/2018,December,2018,135600
Komaram Bheem Asifabad,1/1/2018,January,2018,2863
Komaram Bheem Asifabad,2/1/2018,February,2018,2736
Komaram Bheem Asifabad,3/1/2018,March,2018,1826
Komaram Bheem Asifabad,4/1/2018,April,2018,868
Komaram Bheem Asifabad,5/1/2018,May,2018,793
Komaram Bheem Asifabad,6/1/2018,June,2018,990
Komaram Bheem Asifabad,7/1/2018,July,2018,1954
Komaram Bheem Asifabad,8/1/2018,August,2018,2263
Komaram Bheem Asifabad,9/1/2018,September,2018,1819
Komaram Bheem Asifabad,10/1/2018,October,2018,2525
Komaram Bheem Asifabad,11/1/2018,November,2018,1741
Komaram Bheem Asifabad,12/1/2018,December,2018,2176
Mahabubabad ,1/1/2018,January,2018,14000
Mahabubabad ,2/1/2018,February,2018,14230
Mahabubabad ,3/1/2018,March,2018,13110
Mahabubabad ,4/1/2018,April,2018,12915
Mahabubabad ,5/1/2018,May,2018,12865
Mahabubabad ,6/1/2018,June,2018,13910
Mahabubabad ,7/1/2018,July,2018,13970
Mahabubabad ,8/1/2018,August,2018,13200
Mahabubabad ,9/1/2018,September,2018,13420
Mahabubabad ,10/1/2018,October,2018,13550
Mahabubabad ,11/1/2018,November,2018,13700
Mahabubabad ,12/1/2018,December,2018,17125
Mahbubnagar,1/1/2018,January,2018,156153
Mahbubnagar,2/1/2018,February,2018,788083
Mahbubnagar,3/1/2018,March,2018,166863
Mahbubnagar,4/1/2018,April,2018,196061
Mahbubnagar,5/1/2018,May,2018,193478
Mahbubnagar,6/1/2018,June,2018,165553
Mahbubnagar,7/1/2018,July,2018,161841
Mahbubnagar,8/1/2018,August,2018,169154
Mahbubnagar,9/1/2018,September,2018,167833
Mahbubnagar,10/1/2018,October,2018,193152
Mahbubnagar,11/1/2018,November,2018,295910
Mahbubnagar,12/1/2018,December,2018,198227
Mancherial,1/1/2018,January,2018,71955
Mancherial,2/1/2018,February,2018,38599
Mancherial,3/1/2018,March,2018,20749
Mancherial,4/1/2018,April,2018,38483
Mancherial,5/1/2018,May,2018,26179
Mancherial,6/1/2018,June,2018,31667
Mancherial,7/1/2018,July,2018,27937
Mancherial,8/1/2018,August,2018,31861
Mancherial,9/1/2018,September,2018,23141
Mancherial,10/1/2018,October,2018,30740
Mancherial,11/1/2018,November,2018,25197
Mancherial,12/1/2018,December,2018,31496
Medak ,1/1/2018,January,2018,100000
Medak ,2/1/2018,February,2018,1000000
Medak ,3/1/2018,March,2018,600000
Medak ,4/1/2018,April,2018,200000
Medak ,5/1/2018,May,2018,300000
Medak ,6/1/2018,June,2018,500000
Medak ,7/1/2018,July,2018,150000
Medak ,8/1/2018,August,2018,50000
Medak ,9/1/2018,September,2018,100000
Medak ,10/1/2018,October,2018,300000
Medak ,11/1/2018,November,2018,200000
Medak ,12/1/2018,December,2018,400000
Medchal ,1/1/2018,January,2018,0
Medchal ,2/1/2018,February,2018,0
Medchal ,3/1/2018,March,2018,0
Medchal ,4/1/2018,April,2018,0
Medchal ,5/1/2018,May,2018,0
Medchal ,6/1/2018,June,2018,0
Medchal ,7/1/2018,July,2018,0
Medchal ,8/1/2018,August,2018,0
Medchal ,9/1/2018,September,2018,0
Medchal ,10/1/2018,October,2018,0
Medchal ,11/1/2018,November,2018,0
Medchal ,12/1/2018,December,2018,0
Nagarkurnool ,1/1/2018,January,2018,228812
Nagarkurnool ,2/1/2018,February,2018,286258
Nagarkurnool ,3/1/2018,March,2018,184508
Nagarkurnool ,4/1/2018,April,2018,174592
Nagarkurnool ,5/1/2018,May,2018,183697
Nagarkurnool ,6/1/2018,June,2018,180010
Nagarkurnool ,7/1/2018,July,2018,93450
Nagarkurnool ,8/1/2018,August,2018,118010
Nagarkurnool ,9/1/2018,September,2018,118449
Nagarkurnool ,10/1/2018,October,2018,201050
Nagarkurnool ,11/1/2018,November,2018,121452
Nagarkurnool ,12/1/2018,December,2018,198637
Nalgonda,1/1/2018,January,2018,36205
Nalgonda,2/1/2018,February,2018,9971
Nalgonda,3/1/2018,March,2018,9677
Nalgonda,4/1/2018,April,2018,9779
Nalgonda,5/1/2018,May,2018,10241
Nalgonda,6/1/2018,June,2018,9066
Nalgonda,7/1/2018,July,2018,9668
Nalgonda,8/1/2018,August,2018,10135
Nalgonda,9/1/2018,September,2018,21365
Nalgonda,10/1/2018,October,2018,22332
Nalgonda,11/1/2018,November,2018,5422
Nalgonda,12/1/2018,December,2018,6777
Nirmal,1/1/2018,January,2018,480241
Nirmal,2/1/2018,February,2018,335447
Nirmal,3/1/2018,March,2018,328099
Nirmal,4/1/2018,April,2018,368645
Nirmal,5/1/2018,May,2018,342650
Nirmal,6/1/2018,June,2018,355197
Nirmal,7/1/2018,July,2018,335356
Nirmal,8/1/2018,August,2018,313910
Nirmal,9/1/2018,September,2018,293859
Nirmal,10/1/2018,October,2018,373291
Nirmal,11/1/2018,November,2018,289169
Nirmal,12/1/2018,December,2018,361461
Nizamabad,1/1/2018,January,2018,2495
Nizamabad,2/1/2018,February,2018,7152
Nizamabad,3/1/2018,March,2018,2903
Nizamabad,4/1/2018,April,2018,3550
Nizamabad,5/1/2018,May,2018,5360
Nizamabad,6/1/2018,June,2018,1761
Nizamabad,7/1/2018,July,2018,5882
Nizamabad,8/1/2018,August,2018,10525
Nizamabad,9/1/2018,September,2018,475
Nizamabad,10/1/2018,October,2018,490
Nizamabad,11/1/2018,November,2018,475
Nizamabad,12/1/2018,December,2018,355
Peddapalli,1/1/2018,January,2018,2670
Peddapalli,2/1/2018,February,2018,2695
Peddapalli,3/1/2018,March,2018,2325
Peddapalli,4/1/2018,April,2018,1940
Peddapalli,5/1/2018,May,2018,1499
Peddapalli,6/1/2018,June,2018,1580
Peddapalli,7/1/2018,July,2018,1580
Peddapalli,8/1/2018,August,2018,1595
Peddapalli,9/1/2018,September,2018,1475
Peddapalli,10/1/2018,October,2018,1545
Peddapalli,11/1/2018,November,2018,1655
Peddapalli,12/1/2018,December,2018,1695
Rajanna Sircilla ,1/1/2018,January,2018,2238074
Rajanna Sircilla ,2/1/2018,February,2018,1021787
Rajanna Sircilla ,3/1/2018,March,2018,1022669
Rajanna Sircilla ,4/1/2018,April,2018,833874
Rajanna Sircilla ,5/1/2018,May,2018,1021952
Rajanna Sircilla ,6/1/2018,June,2018,320886
Rajanna Sircilla ,7/1/2018,July,2018,937720
Rajanna Sircilla ,8/1/2018,August,2018,320952
Rajanna Sircilla ,9/1/2018,September,2018,818693
Rajanna Sircilla ,10/1/2018,October,2018,506563
Rajanna Sircilla ,11/1/2018,November,2018,840933
Rajanna Sircilla ,12/1/2018,December,2018,950128
Ranga Reddy,1/1/2018,January,2018,0
Ranga Reddy,2/1/2018,February,2018,0
Ranga Reddy,3/1/2018,March,2018,0
Ranga Reddy,4/1/2018,April,2018,0
Ranga Reddy,5/1/2018,May,2018,0
Ranga Reddy,6/1/2018,June,2018,0
Ranga Reddy,7/1/2018,July,2018,0
Ranga Reddy,8/1/2018,August,2018,0
Ranga Reddy,9/1/2018,September,2018,0
Ranga Reddy,10/1/2018,October,2018,0
Ranga Reddy,11/1/2018,November,2018,0
Ranga Reddy,12/1/2018,December,2018,0
Sangareddy ,1/1/2018,January,2018,254000
Sangareddy ,2/1/2018,February,2018,540000
Sangareddy ,3/1/2018,March,2018,158500
Sangareddy ,4/1/2018,April,2018,162500
Sangareddy ,5/1/2018,May,2018,157000
Sangareddy ,6/1/2018,June,2018,93500
Sangareddy ,7/1/2018,July,2018,108600
Sangareddy ,8/1/2018,August,2018,205000
Sangareddy ,9/1/2018,September,2018,125000
Sangareddy ,10/1/2018,October,2018,171800
Sangareddy ,11/1/2018,November,2018,160000
Sangareddy ,12/1/2018,December,2018,134000
Siddipet,1/1/2018,January,2018,253000
Siddipet,2/1/2018,February,2018,44000
Siddipet,3/1/2018,March,2018,164800
Siddipet,4/1/2018,April,2018,115000
Siddipet,5/1/2018,May,2018,165200
Siddipet,6/1/2018,June,2018,104300
Siddipet,7/1/2018,July,2018,54000
Siddipet,8/1/2018,August,2018,100000
Siddipet,9/1/2018,September,2018,55000
Siddipet,10/1/2018,October,2018,43000
Siddipet,11/1/2018,November,2018,135000
Siddipet,12/1/2018,December,2018,50000
Suryapet,1/1/2018,January,2018,
Suryapet,2/1/2018,February,2018,
Suryapet,3/1/2018,March,2018,
Suryapet,4/1/2018,April,2018,
Suryapet,5/1/2018,May,2018,
Suryapet,6/1/2018,June,2018,
Suryapet,7/1/2018,July,2018,
Suryapet,8/1/2018,August,2018,
Suryapet,9/1/2018,September,2018,
Suryapet,10/1/2018,October,2018,
Suryapet,11/1/2018,November,2018,
Suryapet,12/1/2018,December,2018,
Vikarabad,1/1/2018,January,2018,0
Vikarabad,2/1/2018,February,2018,0
Vikarabad,3/1/2018,March,2018,0
Vikarabad,4/1/2018,April,2018,0
Vikarabad,5/1/2018,May,2018,0
Vikarabad,6/1/2018,June,2018,0
Vikarabad,7/1/2018,July,2018,0
Vikarabad,8/1/2018,August,2018,0
Vikarabad,9/1/2018,September,2018,0
Vikarabad,10/1/2018,October,2018,0
Vikarabad,11/1/2018,November,2018,0
Vikarabad,12/1/2018,December,2018,0
Wanaparthy ,1/1/2018,January,2018,28131
Wanaparthy ,2/1/2018,February,2018,22341
Wanaparthy ,3/1/2018,March,2018,20050
Wanaparthy ,4/1/2018,April,2018,10550
Wanaparthy ,5/1/2018,May,2018,11502
Wanaparthy ,6/1/2018,June,2018,19092
Wanaparthy ,7/1/2018,July,2018,32625
Wanaparthy ,8/1/2018,August,2018,35860
Wanaparthy ,9/1/2018,September,2018,32002
Wanaparthy ,10/1/2018,October,2018,21234
Wanaparthy ,11/1/2018,November,2018,32657
Wanaparthy ,12/1/2018,December,2018,20556
Warangal (Rural),1/1/2018,January,2018,25200
Warangal (Rural),2/1/2018,February,2018,26300
Warangal (Rural),3/1/2018,March,2018,26200
Warangal (Rural),4/1/2018,April,2018,21600
Warangal (Rural),5/1/2018,May,2018,22100
Warangal (Rural),6/1/2018,June,2018,23100
Warangal (Rural),7/1/2018,July,2018,25900
Warangal (Rural),8/1/2018,August,2018,25700
Warangal (Rural),9/1/2018,September,2018,25800
Warangal (Rural),10/1/2018,October,2018,26000
Warangal (Rural),11/1/2018,November,2018,24050
Warangal (Rural),12/1/2018,December,2018,30062
Warangal (Urban),1/1/2018,January,2018,137530
Warangal (Urban),2/1/2018,February,2018,145750
Warangal (Urban),3/1/2018,March,2018,140300
Warangal (Urban),4/1/2018,April,2018,142510
Warangal (Urban),5/1/2018,May,2018,143425
Warangal (Urban),6/1/2018,June,2018,135615
Warangal (Urban),7/1/2018,July,2018,136560
Warangal (Urban),8/1/2018,August,2018,136760
Warangal (Urban),9/1/2018,September,2018,138780
Warangal (Urban),10/1/2018,October,2018,140948
Warangal (Urban),11/1/2018,November,2018,144515
Warangal (Urban),12/1/2018,December,2018,180643
Yadadri Bhongir,1/1/2018,January,2018,2016000
Yadadri Bhongir,2/1/2018,February,2018,3073872
Yadadri Bhongir,3/1/2018,March,2018,2836580
Yadadri Bhongir,4/1/2018,April,2018,692370
Yadadri Bhongir,5/1/2018,May,2018,781842
Yadadri Bhongir,6/1/2018,June,2018,577570
Yadadri Bhongir,7/1/2018,July,2018,671156
Yadadri Bhongir,8/1/2018,August,2018,526445
Yadadri Bhongir,9/1/2018,September,2018,819350
Yadadri Bhongir,10/1/2018,October,2018,586475
Yadadri Bhongir,11/1/2018,November,2018,485208
Yadadri Bhongir,12/1/2018,December,2018,606510
Adilabad,1/1/2019,January,2019,25071
Adilabad,2/1/2019,February,2019,406177
Adilabad,3/1/2019,March,2019,14347
Adilabad,4/1/2019,April,2019,9972
Adilabad,5/1/2019,May,2019,6997
Adilabad,6/1/2019,June,2019,9161
Adilabad,7/1/2019,July,2019,11791
Adilabad,8/1/2019,August,2019,108173
Adilabad,9/1/2019,September,2019,37589
Adilabad,10/1/2019,October,2019,38184
Adilabad,11/1/2019,November,2019,70344
Adilabad,12/1/2019,December,2019,38089
Bhadradri Kothagudem ,1/1/2019,January,2019,283365
Bhadradri Kothagudem ,2/1/2019,February,2019,229159
Bhadradri Kothagudem ,3/1/2019,March,2019,225448
Bhadradri Kothagudem ,4/1/2019,April,2019,349585
Bhadradri Kothagudem ,5/1/2019,May,2019,275800
Bhadradri Kothagudem ,6/1/2019,June,2019,9761776
Bhadradri Kothagudem ,7/1/2019,July,2019,233338
Bhadradri Kothagudem ,8/1/2019,August,2019,271941
Bhadradri Kothagudem ,9/1/2019,September,2019,314199
Bhadradri Kothagudem ,10/1/2019,October,2019,287432
Bhadradri Kothagudem ,11/1/2019,November,2019,298366
Bhadradri Kothagudem ,12/1/2019,December,2019,287328
Hyderabad,1/1/2019,January,2019,1426500
Hyderabad,2/1/2019,February,2019,983147
Hyderabad,3/1/2019,March,2019,1009991
Hyderabad,4/1/2019,April,2019,1045933
Hyderabad,5/1/2019,May,2019,1305748
Hyderabad,6/1/2019,June,2019,1262995
Hyderabad,7/1/2019,July,2019,1094861
Hyderabad,8/1/2019,August,2019,1121380
Hyderabad,9/1/2019,September,2019,959930
Hyderabad,10/1/2019,October,2019,1240643
Hyderabad,11/1/2019,November,2019,1073665
Hyderabad,12/1/2019,December,2019,1277569
Jagtial ,1/1/2019,January,2019,211913
Jagtial ,2/1/2019,February,2019,215105
Jagtial ,3/1/2019,March,2019,194090
Jagtial ,4/1/2019,April,2019,447226
Jagtial ,5/1/2019,May,2019,500206
Jagtial ,6/1/2019,June,2019,235363
Jagtial ,7/1/2019,July,2019,157419
Jagtial ,8/1/2019,August,2019,151570
Jagtial ,9/1/2019,September,2019,157564
Jagtial ,10/1/2019,October,2019,165070
Jagtial ,11/1/2019,November,2019,277630
Jagtial ,12/1/2019,December,2019,372959
Jangaon ,1/1/2019,January,2019,28750
Jangaon ,2/1/2019,February,2019,28810
Jangaon ,3/1/2019,March,2019,27300
Jangaon ,4/1/2019,April,2019,26160
Jangaon ,5/1/2019,May,2019,26740
Jangaon ,6/1/2019,June,2019,25820
Jangaon ,7/1/2019,July,2019,24160
Jangaon ,8/1/2019,August,2019,27800
Jangaon ,9/1/2019,September,2019,28640
Jangaon ,10/1/2019,October,2019,27840
Jangaon ,11/1/2019,November,2019,28410
Jangaon ,12/1/2019,December,2019,28460
Jayashankar Bhoopalpally,1/1/2019,January,2019,197430
Jayashankar Bhoopalpally,2/1/2019,February,2019,33500
Jayashankar Bhoopalpally,3/1/2019,March,2019,37500
Jayashankar Bhoopalpally,4/1/2019,April,2019,38500
Jayashankar Bhoopalpally,5/1/2019,May,2019,30800
Jayashankar Bhoopalpally,6/1/2019,June,2019,40500
Jayashankar Bhoopalpally,7/1/2019,July,2019,45500
Jayashankar Bhoopalpally,8/1/2019,August,2019,45000
Jayashankar Bhoopalpally,9/1/2019,September,2019,50500
Jayashankar Bhoopalpally,10/1/2019,October,2019,46000
Jayashankar Bhoopalpally,11/1/2019,November,2019,51500
Jayashankar Bhoopalpally,12/1/2019,December,2019,45800
Jogulamba Gadwal ,1/1/2019,January,2019,146441
Jogulamba Gadwal ,2/1/2019,February,2019,481110
Jogulamba Gadwal ,3/1/2019,March,2019,155013
Jogulamba Gadwal ,4/1/2019,April,2019,82334
Jogulamba Gadwal ,5/1/2019,May,2019,154609
Jogulamba Gadwal ,6/1/2019,June,2019,155013
Jogulamba Gadwal ,7/1/2019,July,2019,114951
Jogulamba Gadwal ,8/1/2019,August,2019,123733
Jogulamba Gadwal ,9/1/2019,September,2019,131485
Jogulamba Gadwal ,10/1/2019,October,2019,152898
Jogulamba Gadwal ,11/1/2019,November,2019,128075
Jogulamba Gadwal ,12/1/2019,December,2019,182333
Kamareddy ,1/1/2019,January,2019,42
Kamareddy ,2/1/2019,February,2019,41
Kamareddy ,3/1/2019,March,2019,45
Kamareddy ,4/1/2019,April,2019,41
Kamareddy ,5/1/2019,May,2019,46
Kamareddy ,6/1/2019,June,2019,41
Kamareddy ,7/1/2019,July,2019,50
Kamareddy ,8/1/2019,August,2019,50
Kamareddy ,9/1/2019,September,2019,41
Kamareddy ,10/1/2019,October,2019,46
Kamareddy ,11/1/2019,November,2019,46
Kamareddy ,12/1/2019,December,2019,45
Karimnagar ,1/1/2019,January,2019,10285
Karimnagar ,2/1/2019,February,2019,6480
Karimnagar ,3/1/2019,March,2019,6634
Karimnagar ,4/1/2019,April,2019,5623
Karimnagar ,5/1/2019,May,2019,3393
Karimnagar ,6/1/2019,June,2019,3871
Karimnagar ,7/1/2019,July,2019,5192
Karimnagar ,8/1/2019,August,2019,5480
Karimnagar ,9/1/2019,September,2019,8735
Karimnagar ,10/1/2019,October,2019,6799
Karimnagar ,11/1/2019,November,2019,7101
Karimnagar ,12/1/2019,December,2019,7898
Khammam,1/1/2019,January,2019,123550
Khammam,2/1/2019,February,2019,98471
Khammam,3/1/2019,March,2019,91340
Khammam,4/1/2019,April,2019,135920
Khammam,5/1/2019,May,2019,130971
Khammam,6/1/2019,June,2019,127270
Khammam,7/1/2019,July,2019,103260
Khammam,8/1/2019,August,2019,111374
Khammam,9/1/2019,September,2019,133754
Khammam,10/1/2019,October,2019,128625
Khammam,11/1/2019,November,2019,104380
Khammam,12/1/2019,December,2019,124525
Komaram Bheem Asifabad,1/1/2019,January,2019,2476
Komaram Bheem Asifabad,2/1/2019,February,2019,1449
Komaram Bheem Asifabad,3/1/2019,March,2019,1212
Komaram Bheem Asifabad,4/1/2019,April,2019,663
Komaram Bheem Asifabad,5/1/2019,May,2019,493
Komaram Bheem Asifabad,6/1/2019,June,2019,506
Komaram Bheem Asifabad,7/1/2019,July,2019,1287
Komaram Bheem Asifabad,8/1/2019,August,2019,2572
Komaram Bheem Asifabad,9/1/2019,September,2019,1629
Komaram Bheem Asifabad,10/1/2019,October,2019,1943
Komaram Bheem Asifabad,11/1/2019,November,2019,2176
Komaram Bheem Asifabad,12/1/2019,December,2019,2783
Mahabubabad ,1/1/2019,January,2019,13480
Mahabubabad ,2/1/2019,February,2019,13545
Mahabubabad ,3/1/2019,March,2019,13490
Mahabubabad ,4/1/2019,April,2019,12980
Mahabubabad ,5/1/2019,May,2019,11970
Mahabubabad ,6/1/2019,June,2019,11460
Mahabubabad ,7/1/2019,July,2019,13470
Mahabubabad ,8/1/2019,August,2019,12190
Mahabubabad ,9/1/2019,September,2019,13210
Mahabubabad ,10/1/2019,October,2019,12260
Mahabubabad ,11/1/2019,November,2019,12470
Mahabubabad ,12/1/2019,December,2019,12360
Mahbubnagar,1/1/2019,January,2019,168082
Mahbubnagar,2/1/2019,February,2019,798949
Mahbubnagar,3/1/2019,March,2019,173658
Mahbubnagar,4/1/2019,April,2019,183268
Mahbubnagar,5/1/2019,May,2019,175202
Mahbubnagar,6/1/2019,June,2019,175853
Mahbubnagar,7/1/2019,July,2019,100398
Mahbubnagar,8/1/2019,August,2019,104787
Mahbubnagar,9/1/2019,September,2019,141387
Mahbubnagar,10/1/2019,October,2019,130227
Mahbubnagar,11/1/2019,November,2019,234066
Mahbubnagar,12/1/2019,December,2019,148938
Mancherial,1/1/2019,January,2019,18420
Mancherial,2/1/2019,February,2019,26325
Mancherial,3/1/2019,March,2019,16253
Mancherial,4/1/2019,April,2019,23026
Mancherial,5/1/2019,May,2019,26616
Mancherial,6/1/2019,June,2019,24593
Mancherial,7/1/2019,July,2019,22303
Mancherial,8/1/2019,August,2019,21191
Mancherial,9/1/2019,September,2019,24079
Mancherial,10/1/2019,October,2019,20867
Mancherial,11/1/2019,November,2019,29302
Mancherial,12/1/2019,December,2019,16835
Medak ,1/1/2019,January,2019,400000
Medak ,2/1/2019,February,2019,600000
Medak ,3/1/2019,March,2019,1000000
Medak ,4/1/2019,April,2019,650000
Medak ,5/1/2019,May,2019,400000
Medak ,6/1/2019,June,2019,300000
Medak ,7/1/2019,July,2019,350000
Medak ,8/1/2019,August,2019,349900
Medak ,9/1/2019,September,2019,350400
Medak ,10/1/2019,October,2019,350000
Medak ,11/1/2019,November,2019,351560
Medak ,12/1/2019,December,2019,350710
Medchal ,1/1/2019,January,2019,0
Medchal ,2/1/2019,February,2019,0
Medchal ,3/1/2019,March,2019,0
Medchal ,4/1/2019,April,2019,0
Medchal ,5/1/2019,May,2019,0
Medchal ,6/1/2019,June,2019,0
Medchal ,7/1/2019,July,2019,0
Medchal ,8/1/2019,August,2019,0
Medchal ,9/1/2019,September,2019,0
Medchal ,10/1/2019,October,2019,0
Medchal ,11/1/2019,November,2019,0
Medchal ,12/1/2019,December,2019,0
Mulugu,1/1/2019,January,2019,0
Mulugu,2/1/2019,February,2019,159640
Mulugu,3/1/2019,March,2019,156610
Mulugu,4/1/2019,April,2019,152570
Mulugu,5/1/2019,May,2019,154550
Mulugu,6/1/2019,June,2019,163480
Mulugu,7/1/2019,July,2019,167700
Mulugu,8/1/2019,August,2019,171050
Mulugu,9/1/2019,September,2019,172900
Mulugu,10/1/2019,October,2019,172500
Mulugu,11/1/2019,November,2019,173700
Mulugu,12/1/2019,December,2019,175100
Nagarkurnool ,1/1/2019,January,2019,228812
Nagarkurnool ,2/1/2019,February,2019,286258
Nagarkurnool ,3/1/2019,March,2019,184508
Nagarkurnool ,4/1/2019,April,2019,121460
Nagarkurnool ,5/1/2019,May,2019,184372
Nagarkurnool ,6/1/2019,June,2019,184508
Nagarkurnool ,7/1/2019,July,2019,93450
Nagarkurnool ,8/1/2019,August,2019,118010
Nagarkurnool ,9/1/2019,September,2019,175712
Nagarkurnool ,10/1/2019,October,2019,196160
Nagarkurnool ,11/1/2019,November,2019,121425
Nagarkurnool ,12/1/2019,December,2019,198637
Nalgonda,1/1/2019,January,2019,21284
Nalgonda,2/1/2019,February,2019,13697
Nalgonda,3/1/2019,March,2019,8467
Nalgonda,4/1/2019,April,2019,7202
Nalgonda,5/1/2019,May,2019,26338
Nalgonda,6/1/2019,June,2019,5558
Nalgonda,7/1/2019,July,2019,19783
Nalgonda,8/1/2019,August,2019,7473
Nalgonda,9/1/2019,September,2019,5230
Nalgonda,10/1/2019,October,2019,5290
Nalgonda,11/1/2019,November,2019,7177
Nalgonda,12/1/2019,December,2019,13419
Narayanapet,1/1/2019,January,2019,
Narayanapet,2/1/2019,February,2019,
Narayanapet,3/1/2019,March,2019,
Narayanapet,4/1/2019,April,2019,
Narayanapet,5/1/2019,May,2019,
Narayanapet,6/1/2019,June,2019,
Narayanapet,7/1/2019,July,2019,68842
Narayanapet,8/1/2019,August,2019,72249
Narayanapet,9/1/2019,September,2019,62841
Narayanapet,10/1/2019,October,2019,58213
Narayanapet,11/1/2019,November,2019,62750
Narayanapet,12/1/2019,December,2019,64355
Nirmal,1/1/2019,January,2019,313675
Nirmal,2/1/2019,February,2019,443898
Nirmal,3/1/2019,March,2019,424964
Nirmal,4/1/2019,April,2019,327971
Nirmal,5/1/2019,May,2019,149705
Nirmal,6/1/2019,June,2019,349747
Nirmal,7/1/2019,July,2019,359495
Nirmal,8/1/2019,August,2019,334646
Nirmal,9/1/2019,September,2019,299827
Nirmal,10/1/2019,October,2019,263412
Nirmal,11/1/2019,November,2019,253388
Nirmal,12/1/2019,December,2019,296050
Nizamabad,1/1/2019,January,2019,878
Nizamabad,2/1/2019,February,2019,915
Nizamabad,3/1/2019,March,2019,938
Nizamabad,4/1/2019,April,2019,958
Nizamabad,5/1/2019,May,2019,1193
Nizamabad,6/1/2019,June,2019,686
Nizamabad,7/1/2019,July,2019,990
Nizamabad,8/1/2019,August,2019,1004
Nizamabad,9/1/2019,September,2019,6572
Nizamabad,10/1/2019,October,2019,8849
Nizamabad,11/1/2019,November,2019,11950
Nizamabad,12/1/2019,December,2019,11400
Peddapalli,1/1/2019,January,2019,1055
Peddapalli,2/1/2019,February,2019,1157
Peddapalli,3/1/2019,March,2019,895
Peddapalli,4/1/2019,April,2019,942
Peddapalli,5/1/2019,May,2019,802
Peddapalli,6/1/2019,June,2019,735
Peddapalli,7/1/2019,July,2019,1085
Peddapalli,8/1/2019,August,2019,1505
Peddapalli,9/1/2019,September,2019,1785
Peddapalli,10/1/2019,October,2019,2080
Peddapalli,11/1/2019,November,2019,2225
Peddapalli,12/1/2019,December,2019,2315
Rajanna Sircilla ,1/1/2019,January,2019,6188298
Rajanna Sircilla ,2/1/2019,February,2019,1015550
Rajanna Sircilla ,3/1/2019,March,2019,1444971
Rajanna Sircilla ,4/1/2019,April,2019,1148062
Rajanna Sircilla ,5/1/2019,May,2019,1018131
Rajanna Sircilla ,6/1/2019,June,2019,1128849
Rajanna Sircilla ,7/1/2019,July,2019,422961
Rajanna Sircilla ,8/1/2019,August,2019,586118
Rajanna Sircilla ,9/1/2019,September,2019,501293
Rajanna Sircilla ,10/1/2019,October,2019,646492
Rajanna Sircilla ,11/1/2019,November,2019,1259371
Rajanna Sircilla ,12/1/2019,December,2019,1472801
Ranga Reddy,1/1/2019,January,2019,0
Ranga Reddy,2/1/2019,February,2019,0
Ranga Reddy,3/1/2019,March,2019,0
Ranga Reddy,4/1/2019,April,2019,0
Ranga Reddy,5/1/2019,May,2019,0
Ranga Reddy,6/1/2019,June,2019,0
Ranga Reddy,7/1/2019,July,2019,0
Ranga Reddy,8/1/2019,August,2019,0
Ranga Reddy,9/1/2019,September,2019,0
Ranga Reddy,10/1/2019,October,2019,0
Ranga Reddy,11/1/2019,November,2019,0
Ranga Reddy,12/1/2019,December,2019,0
Sangareddy ,1/1/2019,January,2019,144000
Sangareddy ,2/1/2019,February,2019,148000
Sangareddy ,3/1/2019,March,2019,747000
Sangareddy ,4/1/2019,April,2019,205000
Sangareddy ,5/1/2019,May,2019,133000
Sangareddy ,6/1/2019,June,2019,347000
Sangareddy ,7/1/2019,July,2019,467000
Sangareddy ,8/1/2019,August,2019,466150
Sangareddy ,9/1/2019,September,2019,468350
Sangareddy ,10/1/2019,October,2019,467470
Sangareddy ,11/1/2019,November,2019,481720
Sangareddy ,12/1/2019,December,2019,478470
Siddipet,1/1/2019,January,2019,140793
Siddipet,2/1/2019,February,2019,199549
Siddipet,3/1/2019,March,2019,204600
Siddipet,4/1/2019,April,2019,184412
Siddipet,5/1/2019,May,2019,110500
Siddipet,6/1/2019,June,2019,1037000
Siddipet,7/1/2019,July,2019,179320
Siddipet,8/1/2019,August,2019,190750
Siddipet,9/1/2019,September,2019,122550
Siddipet,10/1/2019,October,2019,191330
Siddipet,11/1/2019,November,2019,209130
Siddipet,12/1/2019,December,2019,217930
Suryapet,1/1/2019,January,2019,
Suryapet,2/1/2019,February,2019,
Suryapet,3/1/2019,March,2019,
Suryapet,4/1/2019,April,2019,
Suryapet,5/1/2019,May,2019,
Suryapet,6/1/2019,June,2019,
Suryapet,7/1/2019,July,2019,
Suryapet,8/1/2019,August,2019,
Suryapet,9/1/2019,September,2019,
Suryapet,10/1/2019,October,2019,
Suryapet,11/1/2019,November,2019,
Suryapet,12/1/2019,December,2019,
Vikarabad,1/1/2019,January,2019,0
Vikarabad,2/1/2019,February,2019,0
Vikarabad,3/1/2019,March,2019,0
Vikarabad,4/1/2019,April,2019,0
Vikarabad,5/1/2019,May,2019,0
Vikarabad,6/1/2019,June,2019,0
Vikarabad,7/1/2019,July,2019,0
Vikarabad,8/1/2019,August,2019,0
Vikarabad,9/1/2019,September,2019,0
Vikarabad,10/1/2019,October,2019,0
Vikarabad,11/1/2019,November,2019,0
Vikarabad,12/1/2019,December,2019,0
Wanaparthy ,1/1/2019,January,2019,28131
Wanaparthy ,2/1/2019,February,2019,22342
Wanaparthy ,3/1/2019,March,2019,20050
Wanaparthy ,4/1/2019,April,2019,23749
Wanaparthy ,5/1/2019,May,2019,20010
Wanaparthy ,6/1/2019,June,2019,20050
Wanaparthy ,7/1/2019,July,2019,32625
Wanaparthy ,8/1/2019,August,2019,35860
Wanaparthy ,9/1/2019,September,2019,21375
Wanaparthy ,10/1/2019,October,2019,21234
Wanaparthy ,11/1/2019,November,2019,32657
Wanaparthy ,12/1/2019,December,2019,20556
Warangal (Rural),1/1/2019,January,2019,28700
Warangal (Rural),2/1/2019,February,2019,28800
Warangal (Rural),3/1/2019,March,2019,29000
Warangal (Rural),4/1/2019,April,2019,26900
Warangal (Rural),5/1/2019,May,2019,24900
Warangal (Rural),6/1/2019,June,2019,27100
Warangal (Rural),7/1/2019,July,2019,28600
Warangal (Rural),8/1/2019,August,2019,31600
Warangal (Rural),9/1/2019,September,2019,32600
Warangal (Rural),10/1/2019,October,2019,31100
Warangal (Rural),11/1/2019,November,2019,32150
Warangal (Rural),12/1/2019,December,2019,32050
Warangal (Urban),1/1/2019,January,2019,151545
Warangal (Urban),2/1/2019,February,2019,157755
Warangal (Urban),3/1/2019,March,2019,154305
Warangal (Urban),4/1/2019,April,2019,150425
Warangal (Urban),5/1/2019,May,2019,143230
Warangal (Urban),6/1/2019,June,2019,144400
Warangal (Urban),7/1/2019,July,2019,145440
Warangal (Urban),8/1/2019,August,2019,148030
Warangal (Urban),9/1/2019,September,2019,151070
Warangal (Urban),10/1/2019,October,2019,147450
Warangal (Urban),11/1/2019,November,2019,153880
Warangal (Urban),12/1/2019,December,2019,147700
Yadadri Bhongir,1/1/2019,January,2019,479293
Yadadri Bhongir,2/1/2019,February,2019,56525
Yadadri Bhongir,3/1/2019,March,2019,481923
Yadadri Bhongir,4/1/2019,April,2019,441150
Yadadri Bhongir,5/1/2019,May,2019,345790
Yadadri Bhongir,6/1/2019,June,2019,370566
Yadadri Bhongir,7/1/2019,July,2019,332770
Yadadri Bhongir,8/1/2019,August,2019,389010
Yadadri Bhongir,9/1/2019,September,2019,366862
Yadadri Bhongir,10/1/2019,October,2019,381860
Yadadri Bhongir,11/1/2019,November,2019,365990
Yadadri Bhongir,12/1/2019,December,2019,477635
