district,date,month,year,visitors
Adilabad,01-01-2016,January,2016,2
Adilabad,01-02-2016,February,2016,0
Adilabad,01-03-2016,March,2016,2
Adilabad,01-04-2016,April,2016,0
Adilabad,01-05-2016,May,2016,0
Adilabad,01-06-2016,June,2016,0
Adilabad,01-07-2016,July,2016,4
Adilabad,01-08-2016,August,2016,2
Adilabad,01-09-2016,September,2016,0
Adilabad,01-10-2016,October,2016,0
Adilabad,01-11-2016,November,2016,0
Adilabad,01-12-2016,December,2016,0
Bhadradri0Kothagudem0,01-01-2016,January,2016,0
Bhadradri0Kothagudem0,01-02-2016,February,2016,0
Bhadradri0Kothagudem0,01-03-2016,March,2016,0
Bhadradri0Kothagudem0,01-04-2016,April,2016,0
Bhadradri0Kothagudem0,01-05-2016,May,2016,0
Bhadradri0Kothagudem0,01-06-2016,June,2016,0
Bhadradri0Kothagudem0,01-07-2016,July,2016,0
Bhadradri0Kothagudem0,01-08-2016,August,2016,0
Bhadradri0Kothagudem0,01-09-2016,September,2016,0
Bhadradri0Kothagudem0,01-10-2016,October,2016,0
Bhadradri0Kothagudem0,01-11-2016,November,2016,0
Bhadradri0Kothagudem0,01-12-2016,December,2016,0
Hyderabad,01-01-2016,January,2016,15865
Hyderabad,01-02-2016,February,2016,29646
Hyderabad,01-03-2016,March,2016,13019
Hyderabad,01-04-2016,April,2016,8402
Hyderabad,01-05-2016,May,2016,8522
Hyderabad,01-06-2016,June,2016,10284
Hyderabad,01-07-2016,July,2016,17142
Hyderabad,01-08-2016,August,2016,12842
Hyderabad,01-09-2016,September,2016,9397
Hyderabad,01-10-2016,October,2016,12808
Hyderabad,01-11-2016,November,2016,8084
Hyderabad,01-12-2016,December,2016,17620
Jagtial0,01-01-2016,January,2016,0
Jagtial0,01-02-2016,February,2016,0
Jagtial0,01-03-2016,March,2016,0
Jagtial0,01-04-2016,April,2016,0
Jagtial0,01-05-2016,May,2016,0
Jagtial0,01-06-2016,June,2016,0
Jagtial0,01-07-2016,July,2016,0
Jagtial0,01-08-2016,August,2016,0
Jagtial0,01-09-2016,September,2016,0
Jagtial0,01-10-2016,October,2016,0
Jagtial0,01-11-2016,November,2016,0
Jagtial0,01-12-2016,December,2016,0
Jangaon0,01-01-2016,January,2016,0
Jangaon0,01-02-2016,February,2016,0
Jangaon0,01-03-2016,March,2016,0
Jangaon0,01-04-2016,April,2016,0
Jangaon0,01-05-2016,May,2016,0
Jangaon0,01-06-2016,June,2016,0
Jangaon0,01-07-2016,July,2016,0
Jangaon0,01-08-2016,August,2016,0
Jangaon0,01-09-2016,September,2016,0
Jangaon0,01-10-2016,October,2016,0
Jangaon0,01-11-2016,November,2016,2
Jangaon0,01-12-2016,December,2016,0
Jayashankar0Bhoopalpally,01-01-2016,January,2016,0
Jayashankar0Bhoopalpally,01-02-2016,February,2016,0
Jayashankar0Bhoopalpally,01-03-2016,March,2016,0
Jayashankar0Bhoopalpally,01-04-2016,April,2016,0
Jayashankar0Bhoopalpally,01-05-2016,May,2016,0
Jayashankar0Bhoopalpally,01-06-2016,June,2016,0
Jayashankar0Bhoopalpally,01-07-2016,July,2016,0
Jayashankar0Bhoopalpally,01-08-2016,August,2016,0
Jayashankar0Bhoopalpally,01-09-2016,September,2016,0
Jayashankar0Bhoopalpally,01-10-2016,October,2016,24
Jayashankar0Bhoopalpally,01-11-2016,November,2016,22
Jayashankar0Bhoopalpally,01-12-2016,December,2016,40
Jogulamba0Gadwal0,01-01-2016,January,2016,0
Jogulamba0Gadwal0,01-02-2016,February,2016,0
Jogulamba0Gadwal0,01-03-2016,March,2016,0
Jogulamba0Gadwal0,01-04-2016,April,2016,0
Jogulamba0Gadwal0,01-05-2016,May,2016,0
Jogulamba0Gadwal0,01-06-2016,June,2016,0
Jogulamba0Gadwal0,01-07-2016,July,2016,0
Jogulamba0Gadwal0,01-08-2016,August,2016,0
Jogulamba0Gadwal0,01-09-2016,September,2016,0
Jogulamba0Gadwal0,01-10-2016,October,2016,13
Jogulamba0Gadwal0,01-11-2016,November,2016,21
Jogulamba0Gadwal0,01-12-2016,December,2016,11
Kamareddy0,01-01-2016,January,2016,0
Kamareddy0,01-02-2016,February,2016,0
Kamareddy0,01-03-2016,March,2016,0
Kamareddy0,01-04-2016,April,2016,0
Kamareddy0,01-05-2016,May,2016,0
Kamareddy0,01-06-2016,June,2016,0
Kamareddy0,01-07-2016,July,2016,0
Kamareddy0,01-08-2016,August,2016,0
Kamareddy0,01-09-2016,September,2016,0
Kamareddy0,01-10-2016,October,2016,0
Kamareddy0,01-11-2016,November,2016,0
Kamareddy0,01-12-2016,December,2016,0
Karimnagar0,01-01-2016,January,2016,0
Karimnagar0,01-02-2016,February,2016,0
Karimnagar0,01-03-2016,March,2016,0
Karimnagar0,01-04-2016,April,2016,0
Karimnagar0,01-05-2016,May,2016,0
Karimnagar0,01-06-2016,June,2016,0
Karimnagar0,01-07-2016,July,2016,0
Karimnagar0,01-08-2016,August,2016,0
Karimnagar0,01-09-2016,September,2016,0
Karimnagar0,01-10-2016,October,2016,0
Karimnagar0,01-11-2016,November,2016,0
Karimnagar0,01-12-2016,December,2016,0
Khammam,01-01-2016,January,2016,0
Khammam,01-02-2016,February,2016,0
Khammam,01-03-2016,March,2016,0
Khammam,01-04-2016,April,2016,0
Khammam,01-05-2016,May,2016,0
Khammam,01-06-2016,June,2016,0
Khammam,01-07-2016,July,2016,0
Khammam,01-08-2016,August,2016,0
Khammam,01-09-2016,September,2016,0
Khammam,01-10-2016,October,2016,0
Khammam,01-11-2016,November,2016,0
Khammam,01-12-2016,December,2016,0
Komaram0Bheem0Asifabad,01-01-2016,January,2016,0
Komaram0Bheem0Asifabad,01-02-2016,February,2016,0
Komaram0Bheem0Asifabad,01-03-2016,March,2016,0
Komaram0Bheem0Asifabad,01-04-2016,April,2016,0
Komaram0Bheem0Asifabad,01-05-2016,May,2016,0
Komaram0Bheem0Asifabad,01-06-2016,June,2016,0
Komaram0Bheem0Asifabad,01-07-2016,July,2016,0
Komaram0Bheem0Asifabad,01-08-2016,August,2016,0
Komaram0Bheem0Asifabad,01-09-2016,September,2016,0
Komaram0Bheem0Asifabad,01-10-2016,October,2016,0
Komaram0Bheem0Asifabad,01-11-2016,November,2016,0
Komaram0Bheem0Asifabad,01-12-2016,December,2016,0
Mahabubabad0,01-01-2016,January,2016,0
Mahabubabad0,01-02-2016,February,2016,0
Mahabubabad0,01-03-2016,March,2016,0
Mahabubabad0,01-04-2016,April,2016,0
Mahabubabad0,01-05-2016,May,2016,0
Mahabubabad0,01-06-2016,June,2016,0
Mahabubabad0,01-07-2016,July,2016,0
Mahabubabad0,01-08-2016,August,2016,0
Mahabubabad0,01-09-2016,September,2016,0
Mahabubabad0,01-10-2016,October,2016,0
Mahabubabad0,01-11-2016,November,2016,0
Mahabubabad0,01-12-2016,December,2016,0
Mahbubnagar,01-01-2016,January,2016,123
Mahbubnagar,01-02-2016,February,2016,126
Mahbubnagar,01-03-2016,March,2016,103
Mahbubnagar,01-04-2016,April,2016,75
Mahbubnagar,01-05-2016,May,2016,58
Mahbubnagar,01-06-2016,June,2016,68
Mahbubnagar,01-07-2016,July,2016,63
Mahbubnagar,01-08-2016,August,2016,86
Mahbubnagar,01-09-2016,September,2016,74
Mahbubnagar,01-10-2016,October,2016,37
Mahbubnagar,01-11-2016,November,2016,29
Mahbubnagar,01-12-2016,December,2016,26
Mancherial,01-01-2016,January,2016,0
Mancherial,01-02-2016,February,2016,0
Mancherial,01-03-2016,March,2016,0
Mancherial,01-04-2016,April,2016,0
Mancherial,01-05-2016,May,2016,0
Mancherial,01-06-2016,June,2016,0
Mancherial,01-07-2016,July,2016,0
Mancherial,01-08-2016,August,2016,0
Mancherial,01-09-2016,September,2016,0
Mancherial,01-10-2016,October,2016,0
Mancherial,01-11-2016,November,2016,0
Mancherial,01-12-2016,December,2016,0
Medak0,01-01-2016,January,2016,0
Medak0,01-02-2016,February,2016,0
Medak0,01-03-2016,March,2016,0
Medak0,01-04-2016,April,2016,0
Medak0,01-05-2016,May,2016,0
Medak0,01-06-2016,June,2016,0
Medak0,01-07-2016,July,2016,0
Medak0,01-08-2016,August,2016,0
Medak0,01-09-2016,September,2016,0
Medak0,01-10-2016,October,2016,0
Medak0,01-11-2016,November,2016,0
Medak0,01-12-2016,December,2016,0
Medchal0,01-01-2016,January,2016,0
Medchal0,01-02-2016,February,2016,0
Medchal0,01-03-2016,March,2016,0
Medchal0,01-04-2016,April,2016,0
Medchal0,01-05-2016,May,2016,0
Medchal0,01-06-2016,June,2016,0
Medchal0,01-07-2016,July,2016,0
Medchal0,01-08-2016,August,2016,0
Medchal0,01-09-2016,September,2016,0
Medchal0,01-10-2016,October,2016,0
Medchal0,01-11-2016,November,2016,0
Medchal0,01-12-2016,December,2016,0
Nagarkurnool0,01-01-2016,January,2016,0
Nagarkurnool0,01-02-2016,February,2016,0
Nagarkurnool0,01-03-2016,March,2016,0
Nagarkurnool0,01-04-2016,April,2016,0
Nagarkurnool0,01-05-2016,May,2016,0
Nagarkurnool0,01-06-2016,June,2016,0
Nagarkurnool0,01-07-2016,July,2016,0
Nagarkurnool0,01-08-2016,August,2016,0
Nagarkurnool0,01-09-2016,September,2016,0
Nagarkurnool0,01-10-2016,October,2016,8
Nagarkurnool0,01-11-2016,November,2016,11
Nagarkurnool0,01-12-2016,December,2016,10
Nalgonda,01-01-2016,January,2016,0
Nalgonda,01-02-2016,February,2016,0
Nalgonda,01-03-2016,March,2016,0
Nalgonda,01-04-2016,April,2016,0
Nalgonda,01-05-2016,May,2016,0
Nalgonda,01-06-2016,June,2016,0
Nalgonda,01-07-2016,July,2016,0
Nalgonda,01-08-2016,August,2016,0
Nalgonda,01-09-2016,September,2016,0
Nalgonda,01-10-2016,October,2016,0
Nalgonda,01-11-2016,November,2016,0
Nalgonda,01-12-2016,December,2016,0
Nirmal,01-01-2016,January,2016,0
Nirmal,01-02-2016,February,2016,0
Nirmal,01-03-2016,March,2016,0
Nirmal,01-04-2016,April,2016,0
Nirmal,01-05-2016,May,2016,0
Nirmal,01-06-2016,June,2016,0
Nirmal,01-07-2016,July,2016,0
Nirmal,01-08-2016,August,2016,0
Nirmal,01-09-2016,September,2016,0
Nirmal,01-10-2016,October,2016,0
Nirmal,01-11-2016,November,2016,0
Nirmal,01-12-2016,December,2016,0
Nizamabad,01-01-2016,January,2016,0
Nizamabad,01-02-2016,February,2016,0
Nizamabad,01-03-2016,March,2016,0
Nizamabad,01-04-2016,April,2016,0
Nizamabad,01-05-2016,May,2016,0
Nizamabad,01-06-2016,June,2016,0
Nizamabad,01-07-2016,July,2016,0
Nizamabad,01-08-2016,August,2016,0
Nizamabad,01-09-2016,September,2016,0
Nizamabad,01-10-2016,October,2016,0
Nizamabad,01-11-2016,November,2016,0
Nizamabad,01-12-2016,December,2016,0
Peddapalli,01-01-2016,January,2016,0
Peddapalli,01-02-2016,February,2016,0
Peddapalli,01-03-2016,March,2016,0
Peddapalli,01-04-2016,April,2016,0
Peddapalli,01-05-2016,May,2016,0
Peddapalli,01-06-2016,June,2016,0
Peddapalli,01-07-2016,July,2016,0
Peddapalli,01-08-2016,August,2016,0
Peddapalli,01-09-2016,September,2016,0
Peddapalli,01-10-2016,October,2016,0
Peddapalli,01-11-2016,November,2016,0
Peddapalli,01-12-2016,December,2016,0
Rajanna0Sircilla0,01-01-2016,January,2016,0
Rajanna0Sircilla0,01-02-2016,February,2016,0
Rajanna0Sircilla0,01-03-2016,March,2016,0
Rajanna0Sircilla0,01-04-2016,April,2016,0
Rajanna0Sircilla0,01-05-2016,May,2016,0
Rajanna0Sircilla0,01-06-2016,June,2016,0
Rajanna0Sircilla0,01-07-2016,July,2016,0
Rajanna0Sircilla0,01-08-2016,August,2016,0
Rajanna0Sircilla0,01-09-2016,September,2016,0
Rajanna0Sircilla0,01-10-2016,October,2016,0
Rajanna0Sircilla0,01-11-2016,November,2016,0
Rajanna0Sircilla0,01-12-2016,December,2016,0
Ranga0Reddy,01-01-2016,January,2016,0
Ranga0Reddy,01-02-2016,February,2016,0
Ranga0Reddy,01-03-2016,March,2016,0
Ranga0Reddy,01-04-2016,April,2016,0
Ranga0Reddy,01-05-2016,May,2016,0
Ranga0Reddy,01-06-2016,June,2016,0
Ranga0Reddy,01-07-2016,July,2016,0
Ranga0Reddy,01-08-2016,August,2016,0
Ranga0Reddy,01-09-2016,September,2016,0
Ranga0Reddy,01-10-2016,October,2016,0
Ranga0Reddy,01-11-2016,November,2016,0
Ranga0Reddy,01-12-2016,December,2016,0
Sangareddy0,01-01-2016,January,2016,0
Sangareddy0,01-02-2016,February,2016,0
Sangareddy0,01-03-2016,March,2016,0
Sangareddy0,01-04-2016,April,2016,0
Sangareddy0,01-05-2016,May,2016,0
Sangareddy0,01-06-2016,June,2016,0
Sangareddy0,01-07-2016,July,2016,0
Sangareddy0,01-08-2016,August,2016,0
Sangareddy0,01-09-2016,September,2016,0
Sangareddy0,01-10-2016,October,2016,0
Sangareddy0,01-11-2016,November,2016,0
Sangareddy0,01-12-2016,December,2016,0
Siddipet,01-01-2016,January,2016,0
Siddipet,01-02-2016,February,2016,0
Siddipet,01-03-2016,March,2016,0
Siddipet,01-04-2016,April,2016,0
Siddipet,01-05-2016,May,2016,0
Siddipet,01-06-2016,June,2016,0
Siddipet,01-07-2016,July,2016,0
Siddipet,01-08-2016,August,2016,0
Siddipet,01-09-2016,September,2016,0
Siddipet,01-10-2016,October,2016,0
Siddipet,01-11-2016,November,2016,0
Siddipet,01-12-2016,December,2016,0
Suryapet,01-01-2016,January,2016,0
Suryapet,01-02-2016,February,2016,0
Suryapet,01-03-2016,March,2016,0
Suryapet,01-04-2016,April,2016,0
Suryapet,01-05-2016,May,2016,0
Suryapet,01-06-2016,June,2016,0
Suryapet,01-07-2016,July,2016,0
Suryapet,01-08-2016,August,2016,0
Suryapet,01-09-2016,September,2016,0
Suryapet,01-10-2016,October,2016,0
Suryapet,01-11-2016,November,2016,0
Suryapet,01-12-2016,December,2016,0
Vikarabad,01-01-2016,January,2016,0
Vikarabad,01-02-2016,February,2016,0
Vikarabad,01-03-2016,March,2016,0
Vikarabad,01-04-2016,April,2016,0
Vikarabad,01-05-2016,May,2016,0
Vikarabad,01-06-2016,June,2016,0
Vikarabad,01-07-2016,July,2016,0
Vikarabad,01-08-2016,August,2016,0
Vikarabad,01-09-2016,September,2016,0
Vikarabad,01-10-2016,October,2016,0
Vikarabad,01-11-2016,November,2016,0
Vikarabad,01-12-2016,December,2016,0
Wanaparthy0,01-01-2016,January,2016,0
Wanaparthy0,01-02-2016,February,2016,0
Wanaparthy0,01-03-2016,March,2016,0
Wanaparthy0,01-04-2016,April,2016,0
Wanaparthy0,01-05-2016,May,2016,0
Wanaparthy0,01-06-2016,June,2016,0
Wanaparthy0,01-07-2016,July,2016,0
Wanaparthy0,01-08-2016,August,2016,0
Wanaparthy0,01-09-2016,September,2016,0
Wanaparthy0,01-10-2016,October,2016,0
Wanaparthy0,01-11-2016,November,2016,0
Wanaparthy0,01-12-2016,December,2016,0
Warangal0(Rural),01-01-2016,January,2016,0
Warangal0(Rural),01-02-2016,February,2016,0
Warangal0(Rural),01-03-2016,March,2016,0
Warangal0(Rural),01-04-2016,April,2016,0
Warangal0(Rural),01-05-2016,May,2016,0
Warangal0(Rural),01-06-2016,June,2016,0
Warangal0(Rural),01-07-2016,July,2016,0
Warangal0(Rural),01-08-2016,August,2016,0
Warangal0(Rural),01-09-2016,September,2016,0
Warangal0(Rural),01-10-2016,October,2016,0
Warangal0(Rural),01-11-2016,November,2016,0
Warangal0(Rural),01-12-2016,December,2016,0
Warangal0(Urban),01-01-2016,January,2016,459
Warangal0(Urban),01-02-2016,February,2016,391
Warangal0(Urban),01-03-2016,March,2016,230
Warangal0(Urban),01-04-2016,April,2016,39
Warangal0(Urban),01-05-2016,May,2016,82
Warangal0(Urban),01-06-2016,June,2016,88
Warangal0(Urban),01-07-2016,July,2016,53
Warangal0(Urban),01-08-2016,August,2016,102
Warangal0(Urban),01-09-2016,September,2016,118
Warangal0(Urban),01-10-2016,October,2016,108
Warangal0(Urban),01-11-2016,November,2016,97
Warangal0(Urban),01-12-2016,December,2016,132
Yadadri0Bhongir,01-01-2016,January,2016,0
Yadadri0Bhongir,01-02-2016,February,2016,0
Yadadri0Bhongir,01-03-2016,March,2016,0
Yadadri0Bhongir,01-04-2016,April,2016,0
Yadadri0Bhongir,01-05-2016,May,2016,0
Yadadri0Bhongir,01-06-2016,June,2016,0
Yadadri0Bhongir,01-07-2016,July,2016,0
Yadadri0Bhongir,01-08-2016,August,2016,0
Yadadri0Bhongir,01-09-2016,September,2016,0
Yadadri0Bhongir,01-10-2016,October,2016,0
Yadadri0Bhongir,01-11-2016,November,2016,0
Yadadri0Bhongir,01-12-2016,December,2016,0
Adilabad,01-01-2017,January,2017,5
Adilabad,01-02-2017,February,2017,0
Adilabad,01-03-2017,March,2017,0
Adilabad,01-04-2017,April,2017,0
Adilabad,01-05-2017,May,2017,0
Adilabad,01-06-2017,June,2017,3
Adilabad,01-07-2017,July,2017,0
Adilabad,01-08-2017,August,2017,0
Adilabad,01-09-2017,September,2017,3
Adilabad,01-10-2017,October,2017,0
Adilabad,01-11-2017,November,2017,0
Adilabad,01-12-2017,December,2017,0
Bhadradri0Kothagudem0,01-01-2017,January,2017,0
Bhadradri0Kothagudem0,01-02-2017,February,2017,0
Bhadradri0Kothagudem0,01-03-2017,March,2017,0
Bhadradri0Kothagudem0,01-04-2017,April,2017,0
Bhadradri0Kothagudem0,01-05-2017,May,2017,0
Bhadradri0Kothagudem0,01-06-2017,June,2017,0
Bhadradri0Kothagudem0,01-07-2017,July,2017,0
Bhadradri0Kothagudem0,01-08-2017,August,2017,0
Bhadradri0Kothagudem0,01-09-2017,September,2017,0
Bhadradri0Kothagudem0,01-10-2017,October,2017,0
Bhadradri0Kothagudem0,01-11-2017,November,2017,0
Bhadradri0Kothagudem0,01-12-2017,December,2017,0
Hyderabad,01-01-2017,January,2017,19286
Hyderabad,01-02-2017,February,2017,18097
Hyderabad,01-03-2017,March,2017,13875
Hyderabad,01-04-2017,April,2017,12996
Hyderabad,01-05-2017,May,2017,12983
Hyderabad,01-06-2017,June,2017,12486
Hyderabad,01-07-2017,July,2017,18144
Hyderabad,01-08-2017,August,2017,16985
Hyderabad,01-09-2017,September,2017,27856
Hyderabad,01-10-2017,October,2017,26368
Hyderabad,01-11-2017,November,2017,29170
Hyderabad,01-12-2017,December,2017,38933
Jagtial0,01-01-2017,January,2017,0
Jagtial0,01-02-2017,February,2017,0
Jagtial0,01-03-2017,March,2017,0
Jagtial0,01-04-2017,April,2017,0
Jagtial0,01-05-2017,May,2017,0
Jagtial0,01-06-2017,June,2017,0
Jagtial0,01-07-2017,July,2017,0
Jagtial0,01-08-2017,August,2017,0
Jagtial0,01-09-2017,September,2017,0
Jagtial0,01-10-2017,October,2017,0
Jagtial0,01-11-2017,November,2017,0
Jagtial0,01-12-2017,December,2017,0
Jangaon0,01-01-2017,January,2017,0
Jangaon0,01-02-2017,February,2017,0
Jangaon0,01-03-2017,March,2017,0
Jangaon0,01-04-2017,April,2017,0
Jangaon0,01-05-2017,May,2017,0
Jangaon0,01-06-2017,June,2017,0
Jangaon0,01-07-2017,July,2017,0
Jangaon0,01-08-2017,August,2017,0
Jangaon0,01-09-2017,September,2017,0
Jangaon0,01-10-2017,October,2017,0
Jangaon0,01-11-2017,November,2017,0
Jangaon0,01-12-2017,December,2017,0
Jayashankar0Bhoopalpally,01-01-2017,January,2017,85
Jayashankar0Bhoopalpally,01-02-2017,February,2017,38
Jayashankar0Bhoopalpally,01-03-2017,March,2017,35
Jayashankar0Bhoopalpally,01-04-2017,April,2017,36
Jayashankar0Bhoopalpally,01-05-2017,May,2017,40
Jayashankar0Bhoopalpally,01-06-2017,June,2017,35
Jayashankar0Bhoopalpally,01-07-2017,July,2017,42
Jayashankar0Bhoopalpally,01-08-2017,August,2017,45
Jayashankar0Bhoopalpally,01-09-2017,September,2017,56
Jayashankar0Bhoopalpally,01-10-2017,October,2017,55
Jayashankar0Bhoopalpally,01-11-2017,November,2017,58
Jayashankar0Bhoopalpally,01-12-2017,December,2017,57
Jogulamba0Gadwal0,01-01-2017,January,2017,20
Jogulamba0Gadwal0,01-02-2017,February,2017,16
Jogulamba0Gadwal0,01-03-2017,March,2017,32
Jogulamba0Gadwal0,01-04-2017,April,2017,29
Jogulamba0Gadwal0,01-05-2017,May,2017,31
Jogulamba0Gadwal0,01-06-2017,June,2017,32
Jogulamba0Gadwal0,01-07-2017,July,2017,34
Jogulamba0Gadwal0,01-08-2017,August,2017,25
Jogulamba0Gadwal0,01-09-2017,September,2017,42
Jogulamba0Gadwal0,01-10-2017,October,2017,13
Jogulamba0Gadwal0,01-11-2017,November,2017,21
Jogulamba0Gadwal0,01-12-2017,December,2017,10
Kamareddy0,01-01-2017,January,2017,0
Kamareddy0,01-02-2017,February,2017,0
Kamareddy0,01-03-2017,March,2017,0
Kamareddy0,01-04-2017,April,2017,0
Kamareddy0,01-05-2017,May,2017,0
Kamareddy0,01-06-2017,June,2017,0
Kamareddy0,01-07-2017,July,2017,0
Kamareddy0,01-08-2017,August,2017,0
Kamareddy0,01-09-2017,September,2017,0
Kamareddy0,01-10-2017,October,2017,0
Kamareddy0,01-11-2017,November,2017,0
Kamareddy0,01-12-2017,December,2017,0
Karimnagar0,01-01-2017,January,2017,0
Karimnagar0,01-02-2017,February,2017,0
Karimnagar0,01-03-2017,March,2017,0
Karimnagar0,01-04-2017,April,2017,0
Karimnagar0,01-05-2017,May,2017,0
Karimnagar0,01-06-2017,June,2017,0
Karimnagar0,01-07-2017,July,2017,0
Karimnagar0,01-08-2017,August,2017,0
Karimnagar0,01-09-2017,September,2017,0
Karimnagar0,01-10-2017,October,2017,0
Karimnagar0,01-11-2017,November,2017,0
Karimnagar0,01-12-2017,December,2017,0
Khammam,01-01-2017,January,2017,0
Khammam,01-02-2017,February,2017,0
Khammam,01-03-2017,March,2017,0
Khammam,01-04-2017,April,2017,0
Khammam,01-05-2017,May,2017,0
Khammam,01-06-2017,June,2017,0
Khammam,01-07-2017,July,2017,0
Khammam,01-08-2017,August,2017,0
Khammam,01-09-2017,September,2017,0
Khammam,01-10-2017,October,2017,0
Khammam,01-11-2017,November,2017,0
Khammam,01-12-2017,December,2017,0
Komaram0Bheem0Asifabad,01-01-2017,January,2017,0
Komaram0Bheem0Asifabad,01-02-2017,February,2017,0
Komaram0Bheem0Asifabad,01-03-2017,March,2017,0
Komaram0Bheem0Asifabad,01-04-2017,April,2017,0
Komaram0Bheem0Asifabad,01-05-2017,May,2017,0
Komaram0Bheem0Asifabad,01-06-2017,June,2017,0
Komaram0Bheem0Asifabad,01-07-2017,July,2017,0
Komaram0Bheem0Asifabad,01-08-2017,August,2017,0
Komaram0Bheem0Asifabad,01-09-2017,September,2017,0
Komaram0Bheem0Asifabad,01-10-2017,October,2017,0
Komaram0Bheem0Asifabad,01-11-2017,November,2017,0
Komaram0Bheem0Asifabad,01-12-2017,December,2017,0
Mahabubabad0,01-01-2017,January,2017,0
Mahabubabad0,01-02-2017,February,2017,0
Mahabubabad0,01-03-2017,March,2017,0
Mahabubabad0,01-04-2017,April,2017,0
Mahabubabad0,01-05-2017,May,2017,0
Mahabubabad0,01-06-2017,June,2017,0
Mahabubabad0,01-07-2017,July,2017,0
Mahabubabad0,01-08-2017,August,2017,0
Mahabubabad0,01-09-2017,September,2017,0
Mahabubabad0,01-10-2017,October,2017,0
Mahabubabad0,01-11-2017,November,2017,0
Mahabubabad0,01-12-2017,December,2017,0
Mahbubnagar,01-01-2017,January,2017,42
Mahbubnagar,01-02-2017,February,2017,39
Mahbubnagar,01-03-2017,March,2017,38
Mahbubnagar,01-04-2017,April,2017,39
Mahbubnagar,01-05-2017,May,2017,41
Mahbubnagar,01-06-2017,June,2017,43
Mahbubnagar,01-07-2017,July,2017,42
Mahbubnagar,01-08-2017,August,2017,44
Mahbubnagar,01-09-2017,September,2017,54
Mahbubnagar,01-10-2017,October,2017,47
Mahbubnagar,01-11-2017,November,2017,49
Mahbubnagar,01-12-2017,December,2017,42
Mancherial,01-01-2017,January,2017,0
Mancherial,01-02-2017,February,2017,0
Mancherial,01-03-2017,March,2017,0
Mancherial,01-04-2017,April,2017,0
Mancherial,01-05-2017,May,2017,0
Mancherial,01-06-2017,June,2017,0
Mancherial,01-07-2017,July,2017,0
Mancherial,01-08-2017,August,2017,0
Mancherial,01-09-2017,September,2017,0
Mancherial,01-10-2017,October,2017,0
Mancherial,01-11-2017,November,2017,0
Mancherial,01-12-2017,December,2017,0
Medak0,01-01-2017,January,2017,0
Medak0,01-02-2017,February,2017,0
Medak0,01-03-2017,March,2017,0
Medak0,01-04-2017,April,2017,0
Medak0,01-05-2017,May,2017,0
Medak0,01-06-2017,June,2017,0
Medak0,01-07-2017,July,2017,0
Medak0,01-08-2017,August,2017,0
Medak0,01-09-2017,September,2017,0
Medak0,01-10-2017,October,2017,0
Medak0,01-11-2017,November,2017,0
Medak0,01-12-2017,December,2017,0
Medchal0,01-01-2017,January,2017,0
Medchal0,01-02-2017,February,2017,0
Medchal0,01-03-2017,March,2017,0
Medchal0,01-04-2017,April,2017,0
Medchal0,01-05-2017,May,2017,0
Medchal0,01-06-2017,June,2017,0
Medchal0,01-07-2017,July,2017,0
Medchal0,01-08-2017,August,2017,0
Medchal0,01-09-2017,September,2017,0
Medchal0,01-10-2017,October,2017,0
Medchal0,01-11-2017,November,2017,0
Medchal0,01-12-2017,December,2017,0
Nagarkurnool0,01-01-2017,January,2017,19
Nagarkurnool0,01-02-2017,February,2017,25
Nagarkurnool0,01-03-2017,March,2017,24
Nagarkurnool0,01-04-2017,April,2017,29
Nagarkurnool0,01-05-2017,May,2017,31
Nagarkurnool0,01-06-2017,June,2017,35
Nagarkurnool0,01-07-2017,July,2017,25
Nagarkurnool0,01-08-2017,August,2017,23
Nagarkurnool0,01-09-2017,September,2017,32
Nagarkurnool0,01-10-2017,October,2017,18
Nagarkurnool0,01-11-2017,November,2017,21
Nagarkurnool0,01-12-2017,December,2017,29
Nalgonda,01-01-2017,January,2017,0
Nalgonda,01-02-2017,February,2017,0
Nalgonda,01-03-2017,March,2017,0
Nalgonda,01-04-2017,April,2017,0
Nalgonda,01-05-2017,May,2017,0
Nalgonda,01-06-2017,June,2017,0
Nalgonda,01-07-2017,July,2017,0
Nalgonda,01-08-2017,August,2017,0
Nalgonda,01-09-2017,September,2017,0
Nalgonda,01-10-2017,October,2017,0
Nalgonda,01-11-2017,November,2017,0
Nalgonda,01-12-2017,December,2017,0
Nirmal,01-01-2017,January,2017,0
Nirmal,01-02-2017,February,2017,0
Nirmal,01-03-2017,March,2017,0
Nirmal,01-04-2017,April,2017,0
Nirmal,01-05-2017,May,2017,0
Nirmal,01-06-2017,June,2017,0
Nirmal,01-07-2017,July,2017,0
Nirmal,01-08-2017,August,2017,0
Nirmal,01-09-2017,September,2017,0
Nirmal,01-10-2017,October,2017,0
Nirmal,01-11-2017,November,2017,0
Nirmal,01-12-2017,December,2017,0
Nizamabad,01-01-2017,January,2017,0
Nizamabad,01-02-2017,February,2017,0
Nizamabad,01-03-2017,March,2017,0
Nizamabad,01-04-2017,April,2017,2
Nizamabad,01-05-2017,May,2017,0
Nizamabad,01-06-2017,June,2017,0
Nizamabad,01-07-2017,July,2017,0
Nizamabad,01-08-2017,August,2017,0
Nizamabad,01-09-2017,September,2017,0
Nizamabad,01-10-2017,October,2017,0
Nizamabad,01-11-2017,November,2017,0
Nizamabad,01-12-2017,December,2017,0
Peddapalli,01-01-2017,January,2017,0
Peddapalli,01-02-2017,February,2017,0
Peddapalli,01-03-2017,March,2017,0
Peddapalli,01-04-2017,April,2017,0
Peddapalli,01-05-2017,May,2017,0
Peddapalli,01-06-2017,June,2017,0
Peddapalli,01-07-2017,July,2017,0
Peddapalli,01-08-2017,August,2017,0
Peddapalli,01-09-2017,September,2017,0
Peddapalli,01-10-2017,October,2017,0
Peddapalli,01-11-2017,November,2017,0
Peddapalli,01-12-2017,December,2017,0
Rajanna0Sircilla0,01-01-2017,January,2017,0
Rajanna0Sircilla0,01-02-2017,February,2017,0
Rajanna0Sircilla0,01-03-2017,March,2017,0
Rajanna0Sircilla0,01-04-2017,April,2017,0
Rajanna0Sircilla0,01-05-2017,May,2017,0
Rajanna0Sircilla0,01-06-2017,June,2017,0
Rajanna0Sircilla0,01-07-2017,July,2017,0
Rajanna0Sircilla0,01-08-2017,August,2017,0
Rajanna0Sircilla0,01-09-2017,September,2017,0
Rajanna0Sircilla0,01-10-2017,October,2017,0
Rajanna0Sircilla0,01-11-2017,November,2017,0
Rajanna0Sircilla0,01-12-2017,December,2017,0
Ranga0Reddy,01-01-2017,January,2017,0
Ranga0Reddy,01-02-2017,February,2017,0
Ranga0Reddy,01-03-2017,March,2017,0
Ranga0Reddy,01-04-2017,April,2017,0
Ranga0Reddy,01-05-2017,May,2017,0
Ranga0Reddy,01-06-2017,June,2017,0
Ranga0Reddy,01-07-2017,July,2017,0
Ranga0Reddy,01-08-2017,August,2017,0
Ranga0Reddy,01-09-2017,September,2017,0
Ranga0Reddy,01-10-2017,October,2017,0
Ranga0Reddy,01-11-2017,November,2017,0
Ranga0Reddy,01-12-2017,December,2017,0
Sangareddy0,01-01-2017,January,2017,0
Sangareddy0,01-02-2017,February,2017,0
Sangareddy0,01-03-2017,March,2017,0
Sangareddy0,01-04-2017,April,2017,0
Sangareddy0,01-05-2017,May,2017,0
Sangareddy0,01-06-2017,June,2017,0
Sangareddy0,01-07-2017,July,2017,0
Sangareddy0,01-08-2017,August,2017,0
Sangareddy0,01-09-2017,September,2017,0
Sangareddy0,01-10-2017,October,2017,0
Sangareddy0,01-11-2017,November,2017,0
Sangareddy0,01-12-2017,December,2017,0
Siddipet,01-01-2017,January,2017,0
Siddipet,01-02-2017,February,2017,0
Siddipet,01-03-2017,March,2017,0
Siddipet,01-04-2017,April,2017,0
Siddipet,01-05-2017,May,2017,0
Siddipet,01-06-2017,June,2017,0
Siddipet,01-07-2017,July,2017,0
Siddipet,01-08-2017,August,2017,0
Siddipet,01-09-2017,September,2017,0
Siddipet,01-10-2017,October,2017,0
Siddipet,01-11-2017,November,2017,0
Siddipet,01-12-2017,December,2017,0
Suryapet,01-01-2017,January,2017,0
Suryapet,01-02-2017,February,2017,0
Suryapet,01-03-2017,March,2017,0
Suryapet,01-04-2017,April,2017,0
Suryapet,01-05-2017,May,2017,0
Suryapet,01-06-2017,June,2017,0
Suryapet,01-07-2017,July,2017,0
Suryapet,01-08-2017,August,2017,0
Suryapet,01-09-2017,September,2017,0
Suryapet,01-10-2017,October,2017,0
Suryapet,01-11-2017,November,2017,0
Suryapet,01-12-2017,December,2017,0
Vikarabad,01-01-2017,January,2017,0
Vikarabad,01-02-2017,February,2017,0
Vikarabad,01-03-2017,March,2017,0
Vikarabad,01-04-2017,April,2017,0
Vikarabad,01-05-2017,May,2017,0
Vikarabad,01-06-2017,June,2017,0
Vikarabad,01-07-2017,July,2017,0
Vikarabad,01-08-2017,August,2017,0
Vikarabad,01-09-2017,September,2017,0
Vikarabad,01-10-2017,October,2017,0
Vikarabad,01-11-2017,November,2017,0
Vikarabad,01-12-2017,December,2017,0
Wanaparthy0,01-01-2017,January,2017,0
Wanaparthy0,01-02-2017,February,2017,0
Wanaparthy0,01-03-2017,March,2017,0
Wanaparthy0,01-04-2017,April,2017,0
Wanaparthy0,01-05-2017,May,2017,0
Wanaparthy0,01-06-2017,June,2017,0
Wanaparthy0,01-07-2017,July,2017,0
Wanaparthy0,01-08-2017,August,2017,0
Wanaparthy0,01-09-2017,September,2017,0
Wanaparthy0,01-10-2017,October,2017,0
Wanaparthy0,01-11-2017,November,2017,0
Wanaparthy0,01-12-2017,December,2017,0
Warangal0(Rural),01-01-2017,January,2017,35
Warangal0(Rural),01-02-2017,February,2017,25
Warangal0(Rural),01-03-2017,March,2017,17
Warangal0(Rural),01-04-2017,April,2017,19
Warangal0(Rural),01-05-2017,May,2017,21
Warangal0(Rural),01-06-2017,June,2017,24
Warangal0(Rural),01-07-2017,July,2017,25
Warangal0(Rural),01-08-2017,August,2017,28
Warangal0(Rural),01-09-2017,September,2017,26
Warangal0(Rural),01-10-2017,October,2017,25
Warangal0(Rural),01-11-2017,November,2017,29
Warangal0(Rural),01-12-2017,December,2017,32
Warangal0(Urban),01-01-2017,January,2017,235
Warangal0(Urban),01-02-2017,February,2017,242
Warangal0(Urban),01-03-2017,March,2017,238
Warangal0(Urban),01-04-2017,April,2017,209
Warangal0(Urban),01-05-2017,May,2017,211
Warangal0(Urban),01-06-2017,June,2017,194
Warangal0(Urban),01-07-2017,July,2017,116
Warangal0(Urban),01-08-2017,August,2017,219
Warangal0(Urban),01-09-2017,September,2017,225
Warangal0(Urban),01-10-2017,October,2017,236
Warangal0(Urban),01-11-2017,November,2017,255
Warangal0(Urban),01-12-2017,December,2017,250
Yadadri0Bhongir,01-01-2017,January,2017,0
Yadadri0Bhongir,01-02-2017,February,2017,0
Yadadri0Bhongir,01-03-2017,March,2017,0
Yadadri0Bhongir,01-04-2017,April,2017,0
Yadadri0Bhongir,01-05-2017,May,2017,0
Yadadri0Bhongir,01-06-2017,June,2017,0
Yadadri0Bhongir,01-07-2017,July,2017,0
Yadadri0Bhongir,01-08-2017,August,2017,0
Yadadri0Bhongir,01-09-2017,September,2017,0
Yadadri0Bhongir,01-10-2017,October,2017,0
Yadadri0Bhongir,01-11-2017,November,2017,0
Yadadri0Bhongir,01-12-2017,December,2017,0
Adilabad,01-01-2018,January,2018,0
Adilabad,01-02-2018,February,2018,0
Adilabad,01-03-2018,March,2018,0
Adilabad,01-04-2018,April,2018,0
Adilabad,01-05-2018,May,2018,0
Adilabad,01-06-2018,June,2018,0
Adilabad,01-07-2018,July,2018,2
Adilabad,01-08-2018,August,2018,3
Adilabad,01-09-2018,September,2018,0
Adilabad,01-10-2018,October,2018,0
Adilabad,01-11-2018,November,2018,0
Adilabad,01-12-2018,December,2018,0
Bhadradri0Kothagudem0,01-01-2018,January,2018,0
Bhadradri0Kothagudem0,01-02-2018,February,2018,0
Bhadradri0Kothagudem0,01-03-2018,March,2018,0
Bhadradri0Kothagudem0,01-04-2018,April,2018,0
Bhadradri0Kothagudem0,01-05-2018,May,2018,0
Bhadradri0Kothagudem0,01-06-2018,June,2018,0
Bhadradri0Kothagudem0,01-07-2018,July,2018,0
Bhadradri0Kothagudem0,01-08-2018,August,2018,0
Bhadradri0Kothagudem0,01-09-2018,September,2018,0
Bhadradri0Kothagudem0,01-10-2018,October,2018,0
Bhadradri0Kothagudem0,01-11-2018,November,2018,0
Bhadradri0Kothagudem0,01-12-2018,December,2018,0
Hyderabad,01-01-2018,January,2018,35379
Hyderabad,01-02-2018,February,2018,30414
Hyderabad,01-03-2018,March,2018,27535
Hyderabad,01-04-2018,April,2018,20830
Hyderabad,01-05-2018,May,2018,21554
Hyderabad,01-06-2018,June,2018,24677
Hyderabad,01-07-2018,July,2018,17456
Hyderabad,01-08-2018,August,2018,31217
Hyderabad,01-09-2018,September,2018,22809
Hyderabad,01-10-2018,October,2018,30072
Hyderabad,01-11-2018,November,2018,23487
Hyderabad,01-12-2018,December,2018,29358
Jagtial0,01-01-2018,January,2018,0
Jagtial0,01-02-2018,February,2018,0
Jagtial0,01-03-2018,March,2018,0
Jagtial0,01-04-2018,April,2018,0
Jagtial0,01-05-2018,May,2018,0
Jagtial0,01-06-2018,June,2018,0
Jagtial0,01-07-2018,July,2018,0
Jagtial0,01-08-2018,August,2018,0
Jagtial0,01-09-2018,September,2018,0
Jagtial0,01-10-2018,October,2018,0
Jagtial0,01-11-2018,November,2018,0
Jagtial0,01-12-2018,December,2018,0
Jangaon0,01-01-2018,January,2018,0
Jangaon0,01-02-2018,February,2018,0
Jangaon0,01-03-2018,March,2018,0
Jangaon0,01-04-2018,April,2018,0
Jangaon0,01-05-2018,May,2018,0
Jangaon0,01-06-2018,June,2018,0
Jangaon0,01-07-2018,July,2018,0
Jangaon0,01-08-2018,August,2018,0
Jangaon0,01-09-2018,September,2018,0
Jangaon0,01-10-2018,October,2018,0
Jangaon0,01-11-2018,November,2018,0
Jangaon0,01-12-2018,December,2018,0
Jayashankar0Bhoopalpally,01-01-2018,January,2018,50
Jayashankar0Bhoopalpally,01-02-2018,February,2018,60
Jayashankar0Bhoopalpally,01-03-2018,March,2018,70
Jayashankar0Bhoopalpally,01-04-2018,April,2018,45
Jayashankar0Bhoopalpally,01-05-2018,May,2018,40
Jayashankar0Bhoopalpally,01-06-2018,June,2018,35
Jayashankar0Bhoopalpally,01-07-2018,July,2018,40
Jayashankar0Bhoopalpally,01-08-2018,August,2018,35
Jayashankar0Bhoopalpally,01-09-2018,September,2018,40
Jayashankar0Bhoopalpally,01-10-2018,October,2018,40
Jayashankar0Bhoopalpally,01-11-2018,November,2018,40
Jayashankar0Bhoopalpally,01-12-2018,December,2018,44
Jogulamba0Gadwal0,01-01-2018,January,2018,36
Jogulamba0Gadwal0,01-02-2018,February,2018,6
Jogulamba0Gadwal0,01-03-2018,March,2018,22
Jogulamba0Gadwal0,01-04-2018,April,2018,15
Jogulamba0Gadwal0,01-05-2018,May,2018,19
Jogulamba0Gadwal0,01-06-2018,June,2018,19
Jogulamba0Gadwal0,01-07-2018,July,2018,37
Jogulamba0Gadwal0,01-08-2018,August,2018,42
Jogulamba0Gadwal0,01-09-2018,September,2018,35
Jogulamba0Gadwal0,01-10-2018,October,2018,13
Jogulamba0Gadwal0,01-11-2018,November,2018,45
Jogulamba0Gadwal0,01-12-2018,December,2018,11
Kamareddy0,01-01-2018,January,2018,0
Kamareddy0,01-02-2018,February,2018,0
Kamareddy0,01-03-2018,March,2018,0
Kamareddy0,01-04-2018,April,2018,0
Kamareddy0,01-05-2018,May,2018,0
Kamareddy0,01-06-2018,June,2018,0
Kamareddy0,01-07-2018,July,2018,0
Kamareddy0,01-08-2018,August,2018,0
Kamareddy0,01-09-2018,September,2018,0
Kamareddy0,01-10-2018,October,2018,0
Kamareddy0,01-11-2018,November,2018,0
Kamareddy0,01-12-2018,December,2018,0
Karimnagar0,01-01-2018,January,2018,0
Karimnagar0,01-02-2018,February,2018,0
Karimnagar0,01-03-2018,March,2018,0
Karimnagar0,01-04-2018,April,2018,0
Karimnagar0,01-05-2018,May,2018,0
Karimnagar0,01-06-2018,June,2018,0
Karimnagar0,01-07-2018,July,2018,0
Karimnagar0,01-08-2018,August,2018,0
Karimnagar0,01-09-2018,September,2018,0
Karimnagar0,01-10-2018,October,2018,0
Karimnagar0,01-11-2018,November,2018,0
Karimnagar0,01-12-2018,December,2018,0
Khammam,01-01-2018,January,2018,0
Khammam,01-02-2018,February,2018,0
Khammam,01-03-2018,March,2018,0
Khammam,01-04-2018,April,2018,0
Khammam,01-05-2018,May,2018,0
Khammam,01-06-2018,June,2018,0
Khammam,01-07-2018,July,2018,0
Khammam,01-08-2018,August,2018,0
Khammam,01-09-2018,September,2018,0
Khammam,01-10-2018,October,2018,0
Khammam,01-11-2018,November,2018,0
Khammam,01-12-2018,December,2018,0
Komaram0Bheem0Asifabad,01-01-2018,January,2018,0
Komaram0Bheem0Asifabad,01-02-2018,February,2018,0
Komaram0Bheem0Asifabad,01-03-2018,March,2018,0
Komaram0Bheem0Asifabad,01-04-2018,April,2018,0
Komaram0Bheem0Asifabad,01-05-2018,May,2018,0
Komaram0Bheem0Asifabad,01-06-2018,June,2018,0
Komaram0Bheem0Asifabad,01-07-2018,July,2018,0
Komaram0Bheem0Asifabad,01-08-2018,August,2018,0
Komaram0Bheem0Asifabad,01-09-2018,September,2018,0
Komaram0Bheem0Asifabad,01-10-2018,October,2018,0
Komaram0Bheem0Asifabad,01-11-2018,November,2018,0
Komaram0Bheem0Asifabad,01-12-2018,December,2018,0
Mahabubabad0,01-01-2018,January,2018,0
Mahabubabad0,01-02-2018,February,2018,0
Mahabubabad0,01-03-2018,March,2018,0
Mahabubabad0,01-04-2018,April,2018,0
Mahabubabad0,01-05-2018,May,2018,0
Mahabubabad0,01-06-2018,June,2018,0
Mahabubabad0,01-07-2018,July,2018,0
Mahabubabad0,01-08-2018,August,2018,0
Mahabubabad0,01-09-2018,September,2018,0
Mahabubabad0,01-10-2018,October,2018,0
Mahabubabad0,01-11-2018,November,2018,0
Mahabubabad0,01-12-2018,December,2018,0
Mahbubnagar,01-01-2018,January,2018,45
Mahbubnagar,01-02-2018,February,2018,29
Mahbubnagar,01-03-2018,March,2018,28
Mahbubnagar,01-04-2018,April,2018,26
Mahbubnagar,01-05-2018,May,2018,26
Mahbubnagar,01-06-2018,June,2018,26
Mahbubnagar,01-07-2018,July,2018,47
Mahbubnagar,01-08-2018,August,2018,44
Mahbubnagar,01-09-2018,September,2018,52
Mahbubnagar,01-10-2018,October,2018,37
Mahbubnagar,01-11-2018,November,2018,68
Mahbubnagar,01-12-2018,December,2018,26
Mancherial,01-01-2018,January,2018,0
Mancherial,01-02-2018,February,2018,0
Mancherial,01-03-2018,March,2018,0
Mancherial,01-04-2018,April,2018,0
Mancherial,01-05-2018,May,2018,0
Mancherial,01-06-2018,June,2018,0
Mancherial,01-07-2018,July,2018,0
Mancherial,01-08-2018,August,2018,0
Mancherial,01-09-2018,September,2018,0
Mancherial,01-10-2018,October,2018,0
Mancherial,01-11-2018,November,2018,0
Mancherial,01-12-2018,December,2018,0
Medak0,01-01-2018,January,2018,0
Medak0,01-02-2018,February,2018,0
Medak0,01-03-2018,March,2018,0
Medak0,01-04-2018,April,2018,0
Medak0,01-05-2018,May,2018,0
Medak0,01-06-2018,June,2018,0
Medak0,01-07-2018,July,2018,0
Medak0,01-08-2018,August,2018,0
Medak0,01-09-2018,September,2018,0
Medak0,01-10-2018,October,2018,0
Medak0,01-11-2018,November,2018,0
Medak0,01-12-2018,December,2018,0
Medchal0,01-01-2018,January,2018,0
Medchal0,01-02-2018,February,2018,0
Medchal0,01-03-2018,March,2018,0
Medchal0,01-04-2018,April,2018,0
Medchal0,01-05-2018,May,2018,0
Medchal0,01-06-2018,June,2018,0
Medchal0,01-07-2018,July,2018,0
Medchal0,01-08-2018,August,2018,0
Medchal0,01-09-2018,September,2018,0
Medchal0,01-10-2018,October,2018,0
Medchal0,01-11-2018,November,2018,0
Medchal0,01-12-2018,December,2018,0
Nagarkurnool0,01-01-2018,January,2018,35
Nagarkurnool0,01-02-2018,February,2018,15
Nagarkurnool0,01-03-2018,March,2018,14
Nagarkurnool0,01-04-2018,April,2018,15
Nagarkurnool0,01-05-2018,May,2018,19
Nagarkurnool0,01-06-2018,June,2018,15
Nagarkurnool0,01-07-2018,July,2018,17
Nagarkurnool0,01-08-2018,August,2018,22
Nagarkurnool0,01-09-2018,September,2018,22
Nagarkurnool0,01-10-2018,October,2018,8
Nagarkurnool0,01-11-2018,November,2018,30
Nagarkurnool0,01-12-2018,December,2018,10
Nalgonda,01-01-2018,January,2018,0
Nalgonda,01-02-2018,February,2018,0
Nalgonda,01-03-2018,March,2018,0
Nalgonda,01-04-2018,April,2018,0
Nalgonda,01-05-2018,May,2018,0
Nalgonda,01-06-2018,June,2018,0
Nalgonda,01-07-2018,July,2018,0
Nalgonda,01-08-2018,August,2018,0
Nalgonda,01-09-2018,September,2018,0
Nalgonda,01-10-2018,October,2018,0
Nalgonda,01-11-2018,November,2018,0
Nalgonda,01-12-2018,December,2018,0
Nirmal,01-01-2018,January,2018,0
Nirmal,01-02-2018,February,2018,0
Nirmal,01-03-2018,March,2018,0
Nirmal,01-04-2018,April,2018,0
Nirmal,01-05-2018,May,2018,0
Nirmal,01-06-2018,June,2018,0
Nirmal,01-07-2018,July,2018,0
Nirmal,01-08-2018,August,2018,2
Nirmal,01-09-2018,September,2018,0
Nirmal,01-10-2018,October,2018,0
Nirmal,01-11-2018,November,2018,0
Nirmal,01-12-2018,December,2018,0
Nizamabad,01-01-2018,January,2018,1
Nizamabad,01-02-2018,February,2018,0
Nizamabad,01-03-2018,March,2018,0
Nizamabad,01-04-2018,April,2018,0
Nizamabad,01-05-2018,May,2018,0
Nizamabad,01-06-2018,June,2018,0
Nizamabad,01-07-2018,July,2018,1
Nizamabad,01-08-2018,August,2018,0
Nizamabad,01-09-2018,September,2018,0
Nizamabad,01-10-2018,October,2018,0
Nizamabad,01-11-2018,November,2018,0
Nizamabad,01-12-2018,December,2018,0
Peddapalli,01-01-2018,January,2018,0
Peddapalli,01-02-2018,February,2018,0
Peddapalli,01-03-2018,March,2018,0
Peddapalli,01-04-2018,April,2018,0
Peddapalli,01-05-2018,May,2018,0
Peddapalli,01-06-2018,June,2018,0
Peddapalli,01-07-2018,July,2018,0
Peddapalli,01-08-2018,August,2018,0
Peddapalli,01-09-2018,September,2018,0
Peddapalli,01-10-2018,October,2018,0
Peddapalli,01-11-2018,November,2018,0
Peddapalli,01-12-2018,December,2018,0
Rajanna0Sircilla0,01-01-2018,January,2018,0
Rajanna0Sircilla0,01-02-2018,February,2018,0
Rajanna0Sircilla0,01-03-2018,March,2018,0
Rajanna0Sircilla0,01-04-2018,April,2018,0
Rajanna0Sircilla0,01-05-2018,May,2018,0
Rajanna0Sircilla0,01-06-2018,June,2018,0
Rajanna0Sircilla0,01-07-2018,July,2018,0
Rajanna0Sircilla0,01-08-2018,August,2018,0
Rajanna0Sircilla0,01-09-2018,September,2018,0
Rajanna0Sircilla0,01-10-2018,October,2018,0
Rajanna0Sircilla0,01-11-2018,November,2018,0
Rajanna0Sircilla0,01-12-2018,December,2018,0
Ranga0Reddy,01-01-2018,January,2018,0
Ranga0Reddy,01-02-2018,February,2018,0
Ranga0Reddy,01-03-2018,March,2018,0
Ranga0Reddy,01-04-2018,April,2018,0
Ranga0Reddy,01-05-2018,May,2018,0
Ranga0Reddy,01-06-2018,June,2018,0
Ranga0Reddy,01-07-2018,July,2018,0
Ranga0Reddy,01-08-2018,August,2018,0
Ranga0Reddy,01-09-2018,September,2018,0
Ranga0Reddy,01-10-2018,October,2018,0
Ranga0Reddy,01-11-2018,November,2018,0
Ranga0Reddy,01-12-2018,December,2018,0
Sangareddy0,01-01-2018,January,2018,0
Sangareddy0,01-02-2018,February,2018,0
Sangareddy0,01-03-2018,March,2018,0
Sangareddy0,01-04-2018,April,2018,0
Sangareddy0,01-05-2018,May,2018,0
Sangareddy0,01-06-2018,June,2018,0
Sangareddy0,01-07-2018,July,2018,0
Sangareddy0,01-08-2018,August,2018,0
Sangareddy0,01-09-2018,September,2018,0
Sangareddy0,01-10-2018,October,2018,0
Sangareddy0,01-11-2018,November,2018,0
Sangareddy0,01-12-2018,December,2018,0
Siddipet,01-01-2018,January,2018,0
Siddipet,01-02-2018,February,2018,0
Siddipet,01-03-2018,March,2018,0
Siddipet,01-04-2018,April,2018,0
Siddipet,01-05-2018,May,2018,0
Siddipet,01-06-2018,June,2018,0
Siddipet,01-07-2018,July,2018,0
Siddipet,01-08-2018,August,2018,0
Siddipet,01-09-2018,September,2018,0
Siddipet,01-10-2018,October,2018,0
Siddipet,01-11-2018,November,2018,0
Siddipet,01-12-2018,December,2018,0
Suryapet,01-01-2018,January,2018,0
Suryapet,01-02-2018,February,2018,0
Suryapet,01-03-2018,March,2018,0
Suryapet,01-04-2018,April,2018,0
Suryapet,01-05-2018,May,2018,0
Suryapet,01-06-2018,June,2018,0
Suryapet,01-07-2018,July,2018,0
Suryapet,01-08-2018,August,2018,0
Suryapet,01-09-2018,September,2018,0
Suryapet,01-10-2018,October,2018,0
Suryapet,01-11-2018,November,2018,0
Suryapet,01-12-2018,December,2018,0
Vikarabad,01-01-2018,January,2018,0
Vikarabad,01-02-2018,February,2018,0
Vikarabad,01-03-2018,March,2018,0
Vikarabad,01-04-2018,April,2018,0
Vikarabad,01-05-2018,May,2018,0
Vikarabad,01-06-2018,June,2018,0
Vikarabad,01-07-2018,July,2018,0
Vikarabad,01-08-2018,August,2018,0
Vikarabad,01-09-2018,September,2018,0
Vikarabad,01-10-2018,October,2018,0
Vikarabad,01-11-2018,November,2018,0
Vikarabad,01-12-2018,December,2018,0
Wanaparthy0,01-01-2018,January,2018,0
Wanaparthy0,01-02-2018,February,2018,0
Wanaparthy0,01-03-2018,March,2018,0
Wanaparthy0,01-04-2018,April,2018,0
Wanaparthy0,01-05-2018,May,2018,0
Wanaparthy0,01-06-2018,June,2018,0
Wanaparthy0,01-07-2018,July,2018,0
Wanaparthy0,01-08-2018,August,2018,0
Wanaparthy0,01-09-2018,September,2018,0
Wanaparthy0,01-10-2018,October,2018,0
Wanaparthy0,01-11-2018,November,2018,0
Wanaparthy0,01-12-2018,December,2018,0
Warangal0(Rural),01-01-2018,January,2018,0
Warangal0(Rural),01-02-2018,February,2018,0
Warangal0(Rural),01-03-2018,March,2018,0
Warangal0(Rural),01-04-2018,April,2018,0
Warangal0(Rural),01-05-2018,May,2018,0
Warangal0(Rural),01-06-2018,June,2018,0
Warangal0(Rural),01-07-2018,July,2018,0
Warangal0(Rural),01-08-2018,August,2018,0
Warangal0(Rural),01-09-2018,September,2018,0
Warangal0(Rural),01-10-2018,October,2018,0
Warangal0(Rural),01-11-2018,November,2018,0
Warangal0(Rural),01-12-2018,December,2018,0
Warangal0(Urban),01-01-2018,January,2018,150
Warangal0(Urban),01-02-2018,February,2018,185
Warangal0(Urban),01-03-2018,March,2018,160
Warangal0(Urban),01-04-2018,April,2018,150
Warangal0(Urban),01-05-2018,May,2018,140
Warangal0(Urban),01-06-2018,June,2018,130
Warangal0(Urban),01-07-2018,July,2018,130
Warangal0(Urban),01-08-2018,August,2018,135
Warangal0(Urban),01-09-2018,September,2018,145
Warangal0(Urban),01-10-2018,October,2018,160
Warangal0(Urban),01-11-2018,November,2018,170
Warangal0(Urban),01-12-2018,December,2018,187
Yadadri0Bhongir,01-01-2018,January,2018,0
Yadadri0Bhongir,01-02-2018,February,2018,0
Yadadri0Bhongir,01-03-2018,March,2018,0
Yadadri0Bhongir,01-04-2018,April,2018,0
Yadadri0Bhongir,01-05-2018,May,2018,0
Yadadri0Bhongir,01-06-2018,June,2018,0
Yadadri0Bhongir,01-07-2018,July,2018,0
Yadadri0Bhongir,01-08-2018,August,2018,0
Yadadri0Bhongir,01-09-2018,September,2018,0
Yadadri0Bhongir,01-10-2018,October,2018,0
Yadadri0Bhongir,01-11-2018,November,2018,0
Yadadri0Bhongir,01-12-2018,December,2018,0
Adilabad,01-01-2019,January,2019,0
Adilabad,01-02-2019,February,2019,2
Adilabad,01-03-2019,March,2019,0
Adilabad,01-04-2019,April,2019,0
Adilabad,01-05-2019,May,2019,0
Adilabad,01-06-2019,June,2019,0
Adilabad,01-07-2019,July,2019,0
Adilabad,01-08-2019,August,2019,2
Adilabad,01-09-2019,September,2019,0
Adilabad,01-10-2019,October,2019,0
Adilabad,01-11-2019,November,2019,2
Adilabad,01-12-2019,December,2019,0
Bhadradri0Kothagudem0,01-01-2019,January,2019,0
Bhadradri0Kothagudem0,01-02-2019,February,2019,0
Bhadradri0Kothagudem0,01-03-2019,March,2019,0
Bhadradri0Kothagudem0,01-04-2019,April,2019,0
Bhadradri0Kothagudem0,01-05-2019,May,2019,0
Bhadradri0Kothagudem0,01-06-2019,June,2019,0
Bhadradri0Kothagudem0,01-07-2019,July,2019,0
Bhadradri0Kothagudem0,01-08-2019,August,2019,0
Bhadradri0Kothagudem0,01-09-2019,September,2019,0
Bhadradri0Kothagudem0,01-10-2019,October,2019,0
Bhadradri0Kothagudem0,01-11-2019,November,2019,0
Bhadradri0Kothagudem0,01-12-2019,December,2019,0
Hyderabad,01-01-2019,January,2019,35920
Hyderabad,01-02-2019,February,2019,25621
Hyderabad,01-03-2019,March,2019,21929
Hyderabad,01-04-2019,April,2019,18267
Hyderabad,01-05-2019,May,2019,17317
Hyderabad,01-06-2019,June,2019,20077
Hyderabad,01-07-2019,July,2019,27874
Hyderabad,01-08-2019,August,2019,22725
Hyderabad,01-09-2019,September,2019,34018
Hyderabad,01-10-2019,October,2019,28706
Hyderabad,01-11-2019,November,2019,32762
Hyderabad,01-12-2019,December,2019,34084
Jagtial0,01-01-2019,January,2019,0
Jagtial0,01-02-2019,February,2019,0
Jagtial0,01-03-2019,March,2019,0
Jagtial0,01-04-2019,April,2019,0
Jagtial0,01-05-2019,May,2019,0
Jagtial0,01-06-2019,June,2019,0
Jagtial0,01-07-2019,July,2019,0
Jagtial0,01-08-2019,August,2019,0
Jagtial0,01-09-2019,September,2019,0
Jagtial0,01-10-2019,October,2019,0
Jagtial0,01-11-2019,November,2019,0
Jagtial0,01-12-2019,December,2019,0
Jangaon0,01-01-2019,January,2019,0
Jangaon0,01-02-2019,February,2019,0
Jangaon0,01-03-2019,March,2019,0
Jangaon0,01-04-2019,April,2019,0
Jangaon0,01-05-2019,May,2019,0
Jangaon0,01-06-2019,June,2019,0
Jangaon0,01-07-2019,July,2019,0
Jangaon0,01-08-2019,August,2019,0
Jangaon0,01-09-2019,September,2019,0
Jangaon0,01-10-2019,October,2019,0
Jangaon0,01-11-2019,November,2019,0
Jangaon0,01-12-2019,December,2019,0
Jayashankar0Bhoopalpally,01-01-2019,January,2019,45
Jayashankar0Bhoopalpally,01-02-2019,February,2019,0
Jayashankar0Bhoopalpally,01-03-2019,March,2019,0
Jayashankar0Bhoopalpally,01-04-2019,April,2019,0
Jayashankar0Bhoopalpally,01-05-2019,May,2019,0
Jayashankar0Bhoopalpally,01-06-2019,June,2019,0
Jayashankar0Bhoopalpally,01-07-2019,July,2019,0
Jayashankar0Bhoopalpally,01-08-2019,August,2019,0
Jayashankar0Bhoopalpally,01-09-2019,September,2019,0
Jayashankar0Bhoopalpally,01-10-2019,October,2019,0
Jayashankar0Bhoopalpally,01-11-2019,November,2019,0
Jayashankar0Bhoopalpally,01-12-2019,December,2019,0
Jogulamba0Gadwal0,01-01-2019,January,2019,36
Jogulamba0Gadwal0,01-02-2019,February,2019,6
Jogulamba0Gadwal0,01-03-2019,March,2019,22
Jogulamba0Gadwal0,01-04-2019,April,2019,16
Jogulamba0Gadwal0,01-05-2019,May,2019,20
Jogulamba0Gadwal0,01-06-2019,June,2019,22
Jogulamba0Gadwal0,01-07-2019,July,2019,37
Jogulamba0Gadwal0,01-08-2019,August,2019,42
Jogulamba0Gadwal0,01-09-2019,September,2019,25
Jogulamba0Gadwal0,01-10-2019,October,2019,13
Jogulamba0Gadwal0,01-11-2019,November,2019,45
Jogulamba0Gadwal0,01-12-2019,December,2019,11
Kamareddy0,01-01-2019,January,2019,0
Kamareddy0,01-02-2019,February,2019,0
Kamareddy0,01-03-2019,March,2019,0
Kamareddy0,01-04-2019,April,2019,0
Kamareddy0,01-05-2019,May,2019,0
Kamareddy0,01-06-2019,June,2019,0
Kamareddy0,01-07-2019,July,2019,0
Kamareddy0,01-08-2019,August,2019,0
Kamareddy0,01-09-2019,September,2019,0
Kamareddy0,01-10-2019,October,2019,0
Kamareddy0,01-11-2019,November,2019,0
Kamareddy0,01-12-2019,December,2019,0
Karimnagar0,01-01-2019,January,2019,0
Karimnagar0,01-02-2019,February,2019,0
Karimnagar0,01-03-2019,March,2019,0
Karimnagar0,01-04-2019,April,2019,0
Karimnagar0,01-05-2019,May,2019,0
Karimnagar0,01-06-2019,June,2019,0
Karimnagar0,01-07-2019,July,2019,0
Karimnagar0,01-08-2019,August,2019,0
Karimnagar0,01-09-2019,September,2019,0
Karimnagar0,01-10-2019,October,2019,0
Karimnagar0,01-11-2019,November,2019,0
Karimnagar0,01-12-2019,December,2019,0
Khammam,01-01-2019,January,2019,0
Khammam,01-02-2019,February,2019,0
Khammam,01-03-2019,March,2019,0
Khammam,01-04-2019,April,2019,0
Khammam,01-05-2019,May,2019,0
Khammam,01-06-2019,June,2019,0
Khammam,01-07-2019,July,2019,0
Khammam,01-08-2019,August,2019,0
Khammam,01-09-2019,September,2019,0
Khammam,01-10-2019,October,2019,0
Khammam,01-11-2019,November,2019,0
Khammam,01-12-2019,December,2019,0
Komaram0Bheem0Asifabad,01-01-2019,January,2019,0
Komaram0Bheem0Asifabad,01-02-2019,February,2019,0
Komaram0Bheem0Asifabad,01-03-2019,March,2019,0
Komaram0Bheem0Asifabad,01-04-2019,April,2019,0
Komaram0Bheem0Asifabad,01-05-2019,May,2019,0
Komaram0Bheem0Asifabad,01-06-2019,June,2019,0
Komaram0Bheem0Asifabad,01-07-2019,July,2019,0
Komaram0Bheem0Asifabad,01-08-2019,August,2019,0
Komaram0Bheem0Asifabad,01-09-2019,September,2019,0
Komaram0Bheem0Asifabad,01-10-2019,October,2019,0
Komaram0Bheem0Asifabad,01-11-2019,November,2019,0
Komaram0Bheem0Asifabad,01-12-2019,December,2019,0
Mahabubabad0,01-01-2019,January,2019,0
Mahabubabad0,01-02-2019,February,2019,0
Mahabubabad0,01-03-2019,March,2019,0
Mahabubabad0,01-04-2019,April,2019,0
Mahabubabad0,01-05-2019,May,2019,0
Mahabubabad0,01-06-2019,June,2019,0
Mahabubabad0,01-07-2019,July,2019,0
Mahabubabad0,01-08-2019,August,2019,0
Mahabubabad0,01-09-2019,September,2019,0
Mahabubabad0,01-10-2019,October,2019,0
Mahabubabad0,01-11-2019,November,2019,0
Mahabubabad0,01-12-2019,December,2019,0
Mahbubnagar,01-01-2019,January,2019,45
Mahbubnagar,01-02-2019,February,2019,29
Mahbubnagar,01-03-2019,March,2019,28
Mahbubnagar,01-04-2019,April,2019,34
Mahbubnagar,01-05-2019,May,2019,20
Mahbubnagar,01-06-2019,June,2019,28
Mahbubnagar,01-07-2019,July,2019,47
Mahbubnagar,01-08-2019,August,2019,44
Mahbubnagar,01-09-2019,September,2019,34
Mahbubnagar,01-10-2019,October,2019,37
Mahbubnagar,01-11-2019,November,2019,68
Mahbubnagar,01-12-2019,December,2019,26
Mancherial,01-01-2019,January,2019,0
Mancherial,01-02-2019,February,2019,0
Mancherial,01-03-2019,March,2019,0
Mancherial,01-04-2019,April,2019,0
Mancherial,01-05-2019,May,2019,0
Mancherial,01-06-2019,June,2019,0
Mancherial,01-07-2019,July,2019,0
Mancherial,01-08-2019,August,2019,0
Mancherial,01-09-2019,September,2019,0
Mancherial,01-10-2019,October,2019,0
Mancherial,01-11-2019,November,2019,10
Mancherial,01-12-2019,December,2019,0
Medak0,01-01-2019,January,2019,0
Medak0,01-02-2019,February,2019,0
Medak0,01-03-2019,March,2019,0
Medak0,01-04-2019,April,2019,0
Medak0,01-05-2019,May,2019,0
Medak0,01-06-2019,June,2019,0
Medak0,01-07-2019,July,2019,0
Medak0,01-08-2019,August,2019,0
Medak0,01-09-2019,September,2019,0
Medak0,01-10-2019,October,2019,0
Medak0,01-11-2019,November,2019,0
Medak0,01-12-2019,December,2019,0
Medchal0,01-01-2019,January,2019,0
Medchal0,01-02-2019,February,2019,0
Medchal0,01-03-2019,March,2019,0
Medchal0,01-04-2019,April,2019,0
Medchal0,01-05-2019,May,2019,0
Medchal0,01-06-2019,June,2019,0
Medchal0,01-07-2019,July,2019,0
Medchal0,01-08-2019,August,2019,0
Medchal0,01-09-2019,September,2019,0
Medchal0,01-10-2019,October,2019,0
Medchal0,01-11-2019,November,2019,0
Medchal0,01-12-2019,December,2019,0
Mulugu,01-01-2019,January,2019,0
Mulugu,01-02-2019,February,2019,45
Mulugu,01-03-2019,March,2019,40
Mulugu,01-04-2019,April,2019,40
Mulugu,01-05-2019,May,2019,40
Mulugu,01-06-2019,June,2019,50
Mulugu,01-07-2019,July,2019,55
Mulugu,01-08-2019,August,2019,50
Mulugu,01-09-2019,September,2019,60
Mulugu,01-10-2019,October,2019,60
Mulugu,01-11-2019,November,2019,70
Mulugu,01-12-2019,December,2019,65
Nagarkurnool0,01-01-2019,January,2019,35
Nagarkurnool0,01-02-2019,February,2019,15
Nagarkurnool0,01-03-2019,March,2019,14
Nagarkurnool0,01-04-2019,April,2019,18
Nagarkurnool0,01-05-2019,May,2019,14
Nagarkurnool0,01-06-2019,June,2019,14
Nagarkurnool0,01-07-2019,July,2019,17
Nagarkurnool0,01-08-2019,August,2019,22
Nagarkurnool0,01-09-2019,September,2019,7
Nagarkurnool0,01-10-2019,October,2019,3
Nagarkurnool0,01-11-2019,November,2019,30
Nagarkurnool0,01-12-2019,December,2019,10
Nalgonda,01-01-2019,January,2019,0
Nalgonda,01-02-2019,February,2019,0
Nalgonda,01-03-2019,March,2019,0
Nalgonda,01-04-2019,April,2019,0
Nalgonda,01-05-2019,May,2019,0
Nalgonda,01-06-2019,June,2019,0
Nalgonda,01-07-2019,July,2019,0
Nalgonda,01-08-2019,August,2019,0
Nalgonda,01-09-2019,September,2019,0
Nalgonda,01-10-2019,October,2019,0
Nalgonda,01-11-2019,November,2019,0
Nalgonda,01-12-2019,December,2019,0
Narayanpet,01-01-2019,January,2019,0
Narayanpet,01-02-2019,February,2019,0
Narayanpet,01-03-2019,March,2019,0
Narayanpet,01-04-2019,April,2019,0
Narayanpet,01-05-2019,May,2019,0
Narayanpet,01-06-2019,June,2019,0
Narayanpet,01-07-2019,July,2019,0
Narayanpet,01-08-2019,August,2019,0
Narayanpet,01-09-2019,September,2019,0
Narayanpet,01-10-2019,October,2019,0
Narayanpet,01-11-2019,November,2019,0
Narayanpet,01-12-2019,December,2019,5
Nirmal,01-01-2019,January,2019,0
Nirmal,01-02-2019,February,2019,0
Nirmal,01-03-2019,March,2019,0
Nirmal,01-04-2019,April,2019,0
Nirmal,01-05-2019,May,2019,0
Nirmal,01-06-2019,June,2019,0
Nirmal,01-07-2019,July,2019,0
Nirmal,01-08-2019,August,2019,0
Nirmal,01-09-2019,September,2019,0
Nirmal,01-10-2019,October,2019,0
Nirmal,01-11-2019,November,2019,0
Nirmal,01-12-2019,December,2019,0
Nizamabad,01-01-2019,January,2019,0
Nizamabad,01-02-2019,February,2019,1
Nizamabad,01-03-2019,March,2019,0
Nizamabad,01-04-2019,April,2019,0
Nizamabad,01-05-2019,May,2019,0
Nizamabad,01-06-2019,June,2019,0
Nizamabad,01-07-2019,July,2019,0
Nizamabad,01-08-2019,August,2019,0
Nizamabad,01-09-2019,September,2019,0
Nizamabad,01-10-2019,October,2019,0
Nizamabad,01-11-2019,November,2019,0
Nizamabad,01-12-2019,December,2019,0
Peddapalli,01-01-2019,January,2019,0
Peddapalli,01-02-2019,February,2019,0
Peddapalli,01-03-2019,March,2019,0
Peddapalli,01-04-2019,April,2019,0
Peddapalli,01-05-2019,May,2019,0
Peddapalli,01-06-2019,June,2019,0
Peddapalli,01-07-2019,July,2019,0
Peddapalli,01-08-2019,August,2019,0
Peddapalli,01-09-2019,September,2019,0
Peddapalli,01-10-2019,October,2019,0
Peddapalli,01-11-2019,November,2019,0
Peddapalli,01-12-2019,December,2019,0
Rajanna0Sircilla0,01-01-2019,January,2019,0
Rajanna0Sircilla0,01-02-2019,February,2019,0
Rajanna0Sircilla0,01-03-2019,March,2019,0
Rajanna0Sircilla0,01-04-2019,April,2019,0
Rajanna0Sircilla0,01-05-2019,May,2019,0
Rajanna0Sircilla0,01-06-2019,June,2019,0
Rajanna0Sircilla0,01-07-2019,July,2019,0
Rajanna0Sircilla0,01-08-2019,August,2019,0
Rajanna0Sircilla0,01-09-2019,September,2019,0
Rajanna0Sircilla0,01-10-2019,October,2019,0
Rajanna0Sircilla0,01-11-2019,November,2019,0
Rajanna0Sircilla0,01-12-2019,December,2019,0
Ranga0Reddy,01-01-2019,January,2019,0
Ranga0Reddy,01-02-2019,February,2019,0
Ranga0Reddy,01-03-2019,March,2019,0
Ranga0Reddy,01-04-2019,April,2019,0
Ranga0Reddy,01-05-2019,May,2019,0
Ranga0Reddy,01-06-2019,June,2019,0
Ranga0Reddy,01-07-2019,July,2019,0
Ranga0Reddy,01-08-2019,August,2019,0
Ranga0Reddy,01-09-2019,September,2019,0
Ranga0Reddy,01-10-2019,October,2019,0
Ranga0Reddy,01-11-2019,November,2019,0
Ranga0Reddy,01-12-2019,December,2019,0
Sangareddy0,01-01-2019,January,2019,0
Sangareddy0,01-02-2019,February,2019,0
Sangareddy0,01-03-2019,March,2019,0
Sangareddy0,01-04-2019,April,2019,0
Sangareddy0,01-05-2019,May,2019,0
Sangareddy0,01-06-2019,June,2019,0
Sangareddy0,01-07-2019,July,2019,0
Sangareddy0,01-08-2019,August,2019,0
Sangareddy0,01-09-2019,September,2019,0
Sangareddy0,01-10-2019,October,2019,0
Sangareddy0,01-11-2019,November,2019,0
Sangareddy0,01-12-2019,December,2019,0
Siddipet,01-01-2019,January,2019,0
Siddipet,01-02-2019,February,2019,0
Siddipet,01-03-2019,March,2019,0
Siddipet,01-04-2019,April,2019,0
Siddipet,01-05-2019,May,2019,0
Siddipet,01-06-2019,June,2019,0
Siddipet,01-07-2019,July,2019,0
Siddipet,01-08-2019,August,2019,0
Siddipet,01-09-2019,September,2019,0
Siddipet,01-10-2019,October,2019,0
Siddipet,01-11-2019,November,2019,0
Siddipet,01-12-2019,December,2019,0
Suryapet,01-01-2019,January,2019,0
Suryapet,01-02-2019,February,2019,0
Suryapet,01-03-2019,March,2019,0
Suryapet,01-04-2019,April,2019,0
Suryapet,01-05-2019,May,2019,0
Suryapet,01-06-2019,June,2019,0
Suryapet,01-07-2019,July,2019,0
Suryapet,01-08-2019,August,2019,0
Suryapet,01-09-2019,September,2019,0
Suryapet,01-10-2019,October,2019,0
Suryapet,01-11-2019,November,2019,0
Suryapet,01-12-2019,December,2019,0
Vikarabad,01-01-2019,January,2019,0
Vikarabad,01-02-2019,February,2019,0
Vikarabad,01-03-2019,March,2019,0
Vikarabad,01-04-2019,April,2019,0
Vikarabad,01-05-2019,May,2019,0
Vikarabad,01-06-2019,June,2019,0
Vikarabad,01-07-2019,July,2019,0
Vikarabad,01-08-2019,August,2019,0
Vikarabad,01-09-2019,September,2019,0
Vikarabad,01-10-2019,October,2019,0
Vikarabad,01-11-2019,November,2019,0
Vikarabad,01-12-2019,December,2019,0
Wanaparthy0,01-01-2019,January,2019,0
Wanaparthy0,01-02-2019,February,2019,0
Wanaparthy0,01-03-2019,March,2019,0
Wanaparthy0,01-04-2019,April,2019,0
Wanaparthy0,01-05-2019,May,2019,0
Wanaparthy0,01-06-2019,June,2019,0
Wanaparthy0,01-07-2019,July,2019,0
Wanaparthy0,01-08-2019,August,2019,0
Wanaparthy0,01-09-2019,September,2019,0
Wanaparthy0,01-10-2019,October,2019,0
Wanaparthy0,01-11-2019,November,2019,0
Wanaparthy0,01-12-2019,December,2019,0
Warangal0(Rural),01-01-2019,January,2019,0
Warangal0(Rural),01-02-2019,February,2019,0
Warangal0(Rural),01-03-2019,March,2019,0
Warangal0(Rural),01-04-2019,April,2019,0
Warangal0(Rural),01-05-2019,May,2019,0
Warangal0(Rural),01-06-2019,June,2019,0
Warangal0(Rural),01-07-2019,July,2019,0
Warangal0(Rural),01-08-2019,August,2019,0
Warangal0(Rural),01-09-2019,September,2019,0
Warangal0(Rural),01-10-2019,October,2019,0
Warangal0(Rural),01-11-2019,November,2019,0
Warangal0(Rural),01-12-2019,December,2019,0
Warangal0(Urban),01-01-2019,January,2019,175
Warangal0(Urban),01-02-2019,February,2019,200
Warangal0(Urban),01-03-2019,March,2019,200
Warangal0(Urban),01-04-2019,April,2019,190
Warangal0(Urban),01-05-2019,May,2019,175
Warangal0(Urban),01-06-2019,June,2019,195
Warangal0(Urban),01-07-2019,July,2019,185
Warangal0(Urban),01-08-2019,August,2019,230
Warangal0(Urban),01-09-2019,September,2019,240
Warangal0(Urban),01-10-2019,October,2019,220
Warangal0(Urban),01-11-2019,November,2019,230
Warangal0(Urban),01-12-2019,December,2019,210
Yadadri0Bhongir,01-01-2019,January,2019,0
Yadadri0Bhongir,01-02-2019,February,2019,0
Yadadri0Bhongir,01-03-2019,March,2019,0
Yadadri0Bhongir,01-04-2019,April,2019,0
Yadadri0Bhongir,01-05-2019,May,2019,0
Yadadri0Bhongir,01-06-2019,June,2019,0
Yadadri0Bhongir,01-07-2019,July,2019,0
Yadadri0Bhongir,01-08-2019,August,2019,0
Yadadri0Bhongir,01-09-2019,September,2019,0
Yadadri0Bhongir,01-10-2019,October,2019,0
Yadadri0Bhongir,01-11-2019,November,2019,0
Yadadri0Bhongir,01-12-2019,December,2019,0
